name,amenity_type,LatLng,lat,lon
Family Doctors at 365,healthcare,"1.3377341,103.7202944",1.3377341,103.7202944
Bukit Merah Polyclinic,healthcare,"1.2836914,103.8170178",1.2836914,103.8170178
Geylang Polyclinic,healthcare,"1.3195749,103.88731",1.3195749,103.88731
Woodlands Polyclinic,healthcare,"1.4307876,103.7752254",1.4307876,103.7752254
Jurong Polyclinic,healthcare,"1.3496231,103.7307295",1.3496231,103.7307295
Bukit Batok Polyclinic,healthcare,"1.3520458,103.747842",1.3520458,103.747842
Tampines Polyclinic,healthcare,"1.3572803,103.9458598",1.3572803,103.9458598
Sengkang Polyclinic,healthcare,"1.3926934,103.8941112",1.3926934,103.8941112
Outram Polyclinic,healthcare,"1.2799045,103.8381683",1.2799045,103.8381683
Marine Parade Polyclinic,healthcare,"1.3025477,103.9077648",1.3025477,103.9077648
Bedok Polyclinic,healthcare,"1.3269378,103.9316066",1.3269378,103.9316066
Pasir Ris Polyclinic,healthcare,"1.3686674,103.9592631",1.3686674,103.9592631
Farrer Park Hospital,healthcare,"1.3126,103.854",1.3126,103.854
Woodlands Joint Testing & Vaccination Centre,healthcare,"1.4376172,103.7865619",1.4376172,103.7865619
SpecialKids Child Health & Development Clinic,healthcare,"1.3550308,103.830618",1.3550308,103.830618
Thomson Plaza Dental Surgery,healthcare,"1.3549339,103.8304205",1.3549339,103.8304205
Epismile Inc Dental group Pte Ltd,healthcare,"1.3545174,103.8314278",1.3545174,103.8314278
Y. C. Goh Clinic & Surgery for Women,healthcare,"1.3549123,103.8308474",1.3549123,103.8308474
KidsNexus Paediatric Centee,healthcare,"1.3550521,103.8306268",1.3550521,103.8306268
L&L Family Medicine Clinic,healthcare,"1.3529096,103.8362889",1.3529096,103.8362889
Nam Fung Dental Surgery,healthcare,"1.3147407,103.8910426",1.3147407,103.8910426
Guardian,healthcare,"1.2928333,103.8532762",1.2928333,103.8532762
Guardian,healthcare,"1.2938658,103.8536633",1.2938658,103.8536633
Teeth.Q,healthcare,"1.3627312,103.8950703",1.3627312,103.8950703
Unity,healthcare,"1.3508573,103.8485457",1.3508573,103.8485457
Watsons,healthcare,"1.4065181,103.9026066",1.4065181,103.9026066
doctors,healthcare,"1.3210136,103.7482416",1.3210136,103.7482416
Universal Energy Therapy,healthcare,"1.3532904,103.835443",1.3532904,103.835443
Hong Kang TCM Tui Na,healthcare,"1.3172925,103.9047628",1.3172925,103.9047628
clinic,healthcare,"1.3364427,103.7870051",1.3364427,103.7870051
Guardian,healthcare,"1.4025433,103.9132787",1.4025433,103.9132787
Wong Clinic,healthcare,"1.3312289,103.9252282",1.3312289,103.9252282
Cornerstone Medical,healthcare,"1.3084808,103.7847028",1.3084808,103.7847028
Clementi Family Healthpoint Clinic & Surgery,healthcare,"1.3210349,103.7669293",1.3210349,103.7669293
Aspen Clinic,healthcare,"1.3589946,103.8446986",1.3589946,103.8446986
Raffles Medical,healthcare,"1.3586943,103.8448713",1.3586943,103.8448713
Dover Dental Surgery,healthcare,"1.3047532,103.7816055",1.3047532,103.7816055
Dover Clinic and Surgery,healthcare,"1.3046845,103.7816359",1.3046845,103.7816359
Anderson Medical Centre,healthcare,"1.3585768,103.8448813",1.3585768,103.8448813
1 Bishan Medical,healthcare,"1.3591188,103.8445351",1.3591188,103.8445351
Meiziya,healthcare,"1.3125493,103.8627866",1.3125493,103.8627866
Vertex Pharmacy,healthcare,"1.3243358,103.8655175",1.3243358,103.8655175
DSC,healthcare,"1.3066129,103.8569422",1.3066129,103.8569422
Sincere,healthcare,"1.4369623,103.8374022",1.4369623,103.8374022
Bukit Timah Nam Sang Clinic,healthcare,"1.3404871,103.7732416",1.3404871,103.7732416
Gethin-Jones Medical Practice,healthcare,"1.3430696,103.6819925",1.3430696,103.6819925
Jurong Day & Night Clinic,healthcare,"1.3416751,103.693105",1.3416751,103.693105
Prohealth Medical Group,healthcare,"1.3344934,103.7207694",1.3344934,103.7207694
Acumed Medical Group,healthcare,"1.3173353,103.6521976",1.3173353,103.6521976
Community Medical Clinic,healthcare,"1.3467542,103.7121778",1.3467542,103.7121778
Boon Lay Clinic & Surgery,healthcare,"1.3464427,103.7121847",1.3464427,103.7121847
Bless Medical Centre,healthcare,"1.3463877,103.7122329",1.3463877,103.7122329
Acumed Medical Group,healthcare,"1.3323546,103.7224647",1.3323546,103.7224647
Drs Tang & Partners,healthcare,"1.3322962,103.7223379",1.3322962,103.7223379
Healthserve Community Clinic,healthcare,"1.326912,103.7244263",1.326912,103.7244263
Family Point Clinic & Surgery,healthcare,"1.334493,103.7206124",1.334493,103.7206124
Prohealth Medical Group,healthcare,"1.334493,103.7204337",1.334493,103.7204337
Acumed Medical Group,healthcare,"1.2673611,103.7043755",1.2673611,103.7043755
Clifford Dispensary,healthcare,"1.3472212,103.7098961",1.3472212,103.7098961
Dr Soh Family Clinic,healthcare,"1.3416457,103.6930673",1.3416457,103.6930673
"Drs Koo, Fok & Associates",healthcare,"1.3286162,103.6938204",1.3286162,103.6938204
Lim Clinic,healthcare,"1.3181617,103.9071018",1.3181617,103.9071018
Bukit Timah Clinic,healthcare,"1.3246212,103.8091001",1.3246212,103.8091001
Wonders of TCM Health,healthcare,"1.3404726,103.7735594",1.3404726,103.7735594
NTUC Health,healthcare,"1.3754053,103.883015",1.3754053,103.883015
Chiropractic First,healthcare,"1.3727302,103.8936732",1.3727302,103.8936732
Chai Chee Clinic & Surgery,healthcare,"1.3232712,103.9242809",1.3232712,103.9242809
Siglap Clinic,healthcare,"1.309495,103.9119627",1.309495,103.9119627
Pandan Clinic Pte Ltd,healthcare,"1.320749,103.7483127",1.320749,103.7483127
Northeast Medical Centre,healthcare,"1.337197,103.6973409",1.337197,103.6973409
Novena Specialist Center,healthcare,"1.3201236,103.8446597",1.3201236,103.8446597
Crescent Clinic & Surgery,healthcare,"1.3213131,103.9027504",1.3213131,103.9027504
X Maris B. Clinic,healthcare,"1.3025494,103.8580478",1.3025494,103.8580478
Shine Family Clinic,healthcare,"1.3505812,103.7229812",1.3505812,103.7229812
Northeast Medical Group,healthcare,"1.392089,103.8955251",1.392089,103.8955251
The Kid's Clinic,healthcare,"1.391592,103.8949847",1.391592,103.8949847
Eu Yan Sang TCM Clinic,healthcare,"1.3916316,103.8949411",1.3916316,103.8949411
Watsons,healthcare,"1.3924069,103.8951161",1.3924069,103.8951161
Guardian,healthcare,"1.4173076,103.8346265",1.4173076,103.8346265
Q&M Dental Surgery,healthcare,"1.354389,103.9447323",1.354389,103.9447323
Raffles Medical,healthcare,"1.3539705,103.9452485",1.3539705,103.9452485
Dental Designs,healthcare,"1.2819195,103.8482084",1.2819195,103.8482084
Medical Clinic,healthcare,"1.2938773,103.8513543",1.2938773,103.8513543
Your River Valley Dentist is Here,healthcare,"1.2941389,103.8422451",1.2941389,103.8422451
Pinnacle Family Clinic,healthcare,"1.294114,103.8422718",1.294114,103.8422718
National Cancer Centre Singapore Proton Therapy Centre,healthcare,"1.2813333,103.8380544",1.2813333,103.8380544
Guardian,healthcare,"1.3077267,103.8851045",1.3077267,103.8851045
Eng Onn Chuan Medical Hall,healthcare,"1.3291996,103.8860965",1.3291996,103.8860965
Guardian,healthcare,"1.2911849,103.8499574",1.2911849,103.8499574
Smile Central Clinic,healthcare,"1.3191377,103.8863251",1.3191377,103.8863251
Guardian,healthcare,"1.3012142,103.8383683",1.3012142,103.8383683
Peace Family TCM Clinic,healthcare,"1.2834149,103.8429716",1.2834149,103.8429716
Guardian,healthcare,"1.3724048,103.9322528",1.3724048,103.9322528
Smiling Happi Feet Reflexology,healthcare,"1.3726558,103.8939195",1.3726558,103.8939195
The Smell Lab,healthcare,"1.3918602,103.894873",1.3918602,103.894873
Eu Yan Sang,healthcare,"1.3500266,103.873",1.3500266,103.873
Hockhua Tonic,healthcare,"1.3508452,103.8725538",1.3508452,103.8725538
Polygems Dental Care,healthcare,"1.3916656,103.8797562",1.3916656,103.8797562
HMI Onecare Clinic,healthcare,"1.3917097,103.8800584",1.3917097,103.8800584
Vitacare Family Clinic,healthcare,"1.3916529,103.8796958",1.3916529,103.8796958
Rochor Dental Clinic,healthcare,"1.3017517,103.8525453",1.3017517,103.8525453
Guardian,healthcare,"1.3524991,103.9439101",1.3524991,103.9439101
Fullerton Health Hub,healthcare,"1.373491,103.9483825",1.373491,103.9483825
Raffles Medical,healthcare,"1.3725809,103.9496416",1.3725809,103.9496416
Minmed Clinic,healthcare,"1.3725843,103.9494868",1.3725843,103.9494868
Guardian,healthcare,"1.3724014,103.9499507",1.3724014,103.9499507
Advanced Dental,healthcare,"1.3734942,103.9484491",1.3734942,103.9484491
Parkway Shenton Medical Clinic,healthcare,"1.3739779,103.9485133",1.3739779,103.9485133
Twinkle Family Dentalcare,healthcare,"1.3741672,103.9485354",1.3741672,103.9485354
Guardian,healthcare,"1.2919885,103.8426623",1.2919885,103.8426623
Advanced Dental Toa Payoh,healthcare,"1.335338,103.8565629",1.335338,103.8565629
Prohealth,healthcare,"1.3771215,103.772944",1.3771215,103.772944
Advanced Dental @ Bukit Panjang,healthcare,"1.3780804,103.7731787",1.3780804,103.7731787
Renxin Traditional Chinese Medicine,healthcare,"1.300019,103.8512057",1.300019,103.8512057
Q&M Dental Surgery,healthcare,"1.3638425,103.8650391",1.3638425,103.8650391
Nuffield Dental,healthcare,"1.3634203,103.8657066",1.3634203,103.8657066
Kensing On Family Clinic,healthcare,"1.3653193,103.8661529",1.3653193,103.8661529
Pure Dental Studio,healthcare,"1.3649404,103.8660422",1.3649404,103.8660422
clinic,healthcare,"1.2846024,103.8496846",1.2846024,103.8496846
GJ Medical Clinic,healthcare,"1.3401964,103.7062423",1.3401964,103.7062423
Fullerton Healthcare,healthcare,"1.3401735,103.706178",1.3401735,103.706178
Jurpoint Medicare Clinic,healthcare,"1.3400736,103.7059079",1.3400736,103.7059079
Raffles Medical,healthcare,"1.3401456,103.7061135",1.3401456,103.7061135
Point Medical Group,healthcare,"1.3400951,103.7059716",1.3400951,103.7059716
Guardian,healthcare,"1.3270712,103.8466779",1.3270712,103.8466779
K C Yeo Surgery & Clinic for Women,healthcare,"1.3254703,103.8423768",1.3254703,103.8423768
clinic,healthcare,"1.3220087,103.853098",1.3220087,103.853098
Foo Clinic,healthcare,"1.341631,103.6913199",1.341631,103.6913199
Nanyang Centre Clinic,healthcare,"1.3414988,103.6905865",1.3414988,103.6905865
Westfield Dental Surgery,healthcare,"1.3107822,103.9012261",1.3107822,103.9012261
Vincent's Dental Surgery,healthcare,"1.3082826,103.8951797",1.3082826,103.8951797
Ang Liang Medical Hall,healthcare,"1.3288707,103.8871937",1.3288707,103.8871937
The Dental Practice,healthcare,"1.3151595,103.8918938",1.3151595,103.8918938
M. Lam Clinic,healthcare,"1.3149067,103.8905887",1.3149067,103.8905887
ECM Clinic & Surgery PTE LTD,healthcare,"1.3149644,103.8826951",1.3149644,103.8826951
Wong Pang Ong Bone Injury Specialists,healthcare,"1.310527,103.9016923",1.310527,103.9016923
Lotus Medical Clinic,healthcare,"1.3393816,103.885769",1.3393816,103.885769
Tai Seng Clinic,healthcare,"1.3387994,103.8862108",1.3387994,103.8862108
LifeCare Medical Centre,healthcare,"1.3290079,103.8869933",1.3290079,103.8869933
Miao Quan Acupunturist & Chinese Physician,healthcare,"1.329079,103.8868891",1.329079,103.8868891
Chin Choo Clinic,healthcare,"1.3292358,103.8862708",1.3292358,103.8862708
Tripod Dental Clinic,healthcare,"1.3286916,103.8854568",1.3286916,103.8854568
Vidajoie Chiropractic Centre,healthcare,"1.3128341,103.8998577",1.3128341,103.8998577
Frankel Clinic,healthcare,"1.3119584,103.922067",1.3119584,103.922067
Liang Clinic,healthcare,"1.3119289,103.9219988",1.3119289,103.9219988
Family Clinic,healthcare,"1.3132177,103.9293425",1.3132177,103.9293425
Thomson Women's Centre,healthcare,"1.3062498,103.9056588",1.3062498,103.9056588
Lee Clinic,healthcare,"1.3065917,103.9047052",1.3065917,103.9047052
Dr Lam's Dental Surgery,healthcare,"1.3064296,103.9047233",1.3064296,103.9047233
Coast Dental,healthcare,"1.3063195,103.9047992",1.3063195,103.9047992
Singapura Clinic,healthcare,"1.2987062,103.8499262",1.2987062,103.8499262
Mount Pleasant Animal Clinic,healthcare,"1.3063613,103.905867",1.3063613,103.905867
Crown Dental Clinic,healthcare,"1.3067515,103.9059817",1.3067515,103.9059817
Kai Clinic,healthcare,"1.3076062,103.9071726",1.3076062,103.9071726
Yeo Mei Lim Medical Hall,healthcare,"1.3127107,103.8720745",1.3127107,103.8720745
Tripod Dental Clinic,healthcare,"1.3126391,103.8721115",1.3126391,103.8721115
New Town Clinic,healthcare,"1.3143585,103.8712262",1.3143585,103.8712262
Watsons,healthcare,"1.2976864,103.8385412",1.2976864,103.8385412
Wah Long Chinese Medical Hall,healthcare,"1.3916991,103.8800018",1.3916991,103.8800018
Chiropractic First,healthcare,"1.3734423,103.9486523",1.3734423,103.9486523
Joyre TCMedi Spa,healthcare,"1.3736203,103.9484109",1.3736203,103.9484109
Kin Teck Tong TCM Clinic,healthcare,"1.3740231,103.9486656",1.3740231,103.9486656
Sin Kang TCM Clinic,healthcare,"1.3737346,103.9484919",1.3737346,103.9484919
Urban Dental,healthcare,"1.2846505,103.8448059",1.2846505,103.8448059
Renda TCM Clinic,healthcare,"1.3249295,103.8422686",1.3249295,103.8422686
doctors,healthcare,"1.3466909,103.9567226",1.3466909,103.9567226
Guardian,healthcare,"1.4178864,103.9012535",1.4178864,103.9012535
Q&M Dental Centre,healthcare,"1.3111377,103.8566198",1.3111377,103.8566198
"Ear, Nose & Throat Specialist Clinic",healthcare,"1.3023032,103.7932408",1.3023032,103.7932408
Takeda Pharmaceuticals Asia Private Limited,healthcare,"1.3016444,103.7923943",1.3016444,103.7923943
Etern Medical Clinic (Sengkang),healthcare,"1.3915161,103.8762046",1.3915161,103.8762046
Unity,healthcare,"1.3916093,103.8760839",1.3916093,103.8760839
Prohealth Medical Group,healthcare,"1.3560251,103.7405206",1.3560251,103.7405206
Guardian,healthcare,"1.355879,103.7408891",1.355879,103.7408891
Q&M Dental Centre (Bugis),healthcare,"1.2989699,103.8552698",1.2989699,103.8552698
The Dental Practice (Paya Lebar),healthcare,"1.3190869,103.8946342",1.3190869,103.8946342
Chiro Time,healthcare,"1.3146784,103.8948875",1.3146784,103.8948875
True Medical Clinic,healthcare,"1.3174634,103.892736",1.3174634,103.892736
Q&M Dental Surgery (Payar Lebar),healthcare,"1.3175358,103.8927126",1.3175358,103.8927126
Intemedical Kovan,healthcare,"1.3593732,103.8865521",1.3593732,103.8865521
DP Dental,healthcare,"1.3592884,103.8850064",1.3592884,103.8850064
King's Dental Surgery (Kovan) Pte Ltd,healthcare,"1.3585469,103.8846926",1.3585469,103.8846926
Goh Clinic & Surgery,healthcare,"1.3586058,103.8847533",1.3586058,103.8847533
Eastern Hougang Eye Specialist,healthcare,"1.3578976,103.8835025",1.3578976,103.8835025
Pang Dental,healthcare,"1.3578654,103.8835372",1.3578654,103.8835372
Olive Tree,healthcare,"1.3061,103.8288073",1.3061,103.8288073
Watsons,healthcare,"1.3063702,103.8285102",1.3063702,103.8285102
Nuffield Dental Jewel,healthcare,"1.3048813,103.8303086",1.3048813,103.8303086
Shinagawa Eye Centre,healthcare,"1.3047759,103.8302232",1.3047759,103.8302232
AOMS Japanese Dental,healthcare,"1.3047194,103.830543",1.3047194,103.830543
Geylang Serai Clinic,healthcare,"1.3167538,103.9016327",1.3167538,103.9016327
Liverpool Dental Care,healthcare,"1.3702097,103.8473144",1.3702097,103.8473144
NTUC Health Denticare (Ang Mo Kio),healthcare,"1.3693255,103.8483566",1.3693255,103.8483566
Hougang Specialist Eye Centre,healthcare,"1.3721376,103.8864401",1.3721376,103.8864401
Pow Family Clinic & Surgery,healthcare,"1.3701565,103.8839615",1.3701565,103.8839615
Q&M Dental Surgery (Buangkok Mrt),healthcare,"1.3833838,103.8929339",1.3833838,103.8929339
Kidslink Children's Clinic,healthcare,"1.3898718,103.8985765",1.3898718,103.8985765
Adelphi Psych Medicine Clinic,healthcare,"1.2912098,103.851479",1.2912098,103.851479
Shenton Dental Surgery,healthcare,"1.2914877,103.8510405",1.2914877,103.8510405
Guardian,healthcare,"1.3177085,103.8926094",1.3177085,103.8926094
Eye Care Clinic Bishan,healthcare,"1.3483241,103.8495404",1.3483241,103.8495404
Tanglin Dental @ Bishan,healthcare,"1.3491908,103.8490322",1.3491908,103.8490322
The Smile Clinique,healthcare,"1.3485077,103.8495687",1.3485077,103.8495687
Pure Dental,healthcare,"1.3486686,103.8493614",1.3486686,103.8493614
beAyur,healthcare,"1.2769671,103.8454139",1.2769671,103.8454139
Bukit Timah Seu Teck Sean Tong Instituition Limited,healthcare,"1.3416568,103.741726",1.3416568,103.741726
Dr.stretch,healthcare,"1.3190118,103.8941119",1.3190118,103.8941119
Foot Rest Reflexology,healthcare,"1.315077,103.8936594",1.315077,103.8936594
City Herbs Trading,healthcare,"1.3150935,103.8935604",1.3150935,103.8935604
Yue Hwa Chinese Products,healthcare,"1.3595648,103.8854579",1.3595648,103.8854579
Natrahea,healthcare,"1.359357,103.884775",1.359357,103.884775
Hockhua Tonic,healthcare,"1.3580597,103.8846029",1.3580597,103.8846029
Meiseido,healthcare,"1.3054296,103.830262",1.3054296,103.830262
Chinese Nature-Cure Institute,healthcare,"1.3054984,103.8300037",1.3054984,103.8300037
Bee's Brand,healthcare,"1.3717814,103.8473473",1.3717814,103.8473473
Prudence Family Clinic,healthcare,"1.3494771,103.8499904",1.3494771,103.8499904
DA Clinic @ Bishan,healthcare,"1.3483221,103.8493688",1.3483221,103.8493688
Lifeline Bishan Medical Clinic,healthcare,"1.3482867,103.8495324",1.3482867,103.8495324
Sunbeam Medical Clinic,healthcare,"1.3806587,103.7697056",1.3806587,103.7697056
Q&M Dental Surgery (Eunos MRT),healthcare,"1.319851,103.9034449",1.319851,103.9034449
Neoh & Ong Medical Clinic,healthcare,"1.3202162,103.9033134",1.3202162,103.9033134
Kirin Clinic & Surgery,healthcare,"1.3211592,103.9032353",1.3211592,103.9032353
Pinnacle Family Clinic (Compassvale),healthcare,"1.3976235,103.8969541",1.3976235,103.8969541
Unity,healthcare,"1.3942198,103.9128741",1.3942198,103.9128741
Advanced Dental,healthcare,"1.3944154,103.913105",1.3944154,103.913105
The Dental Inn,healthcare,"1.3941729,103.9129297",1.3941729,103.9129297
Dr. W Family Clinic,healthcare,"1.3164845,103.8055343",1.3164845,103.8055343
Yap Medicare Clinic & Surgery,healthcare,"1.3165799,103.805643",1.3165799,103.805643
Q&M,healthcare,"1.2857247,103.8266433",1.2857247,103.8266433
SBCC Baby & Child Clinic,healthcare,"1.2863998,103.8279775",1.2863998,103.8279775
Yim Clinic,healthcare,"1.2860934,103.8286335",1.2860934,103.8286335
SmileArts @ Tiong Bahru,healthcare,"1.2860349,103.828648",1.2860349,103.828648
HeartlandHealth,healthcare,"1.2868999,103.8187598",1.2868999,103.8187598
Providence Clinic @ Redhill,healthcare,"1.2869037,103.8188227",1.2869037,103.8188227
SATA CommHealth Uttamram Medical Centre,healthcare,"1.3277349,103.9213776",1.3277349,103.9213776
Faith Clinic,healthcare,"1.3372021,103.921278",1.3372021,103.921278
St. Andrew's Dental Surgeons,healthcare,"1.2748043,103.8437023",1.2748043,103.8437023
Sengkang Free Clinic,healthcare,"1.384419,103.9007925",1.384419,103.9007925
Unity,healthcare,"1.3924674,103.9043542",1.3924674,103.9043542
An Kang TCM,healthcare,"1.3617029,103.7512531",1.3617029,103.7512531
Smile Doctor Dentalcare,healthcare,"1.4064043,103.9016745",1.4064043,103.9016745
Thomson Paediatric Centre,healthcare,"1.4060276,103.9021658",1.4060276,103.9021658
Raffles Medical,healthcare,"1.4060373,103.9022079",1.4060373,103.9022079
Rochor Dental Clinic,healthcare,"1.3026118,103.8523198",1.3026118,103.8523198
Winsome,healthcare,"1.3242466,103.8565822",1.3242466,103.8565822
Pharmacy,healthcare,"1.2865496,103.8013186",1.2865496,103.8013186
Chinese Medical Centre,healthcare,"1.394152,103.9128763",1.394152,103.9128763
Ma Kuang,healthcare,"1.2860578,103.8290982",1.2860578,103.8290982
United TCM Clinic,healthcare,"1.2860942,103.8289485",1.2860942,103.8289485
Yap TCM Clinic,healthcare,"1.286091,103.8290604",1.286091,103.8290604
Chien Chi Jow,healthcare,"1.2884345,103.8180929",1.2884345,103.8180929
Bukit Timah Seu Teck Sean Tong Instituition Limited,healthcare,"1.3123485,103.7688895",1.3123485,103.7688895
马光中医诊所,healthcare,"1.3342704,103.7432411",1.3342704,103.7432411
Psycare,healthcare,"1.2900369,103.8493975",1.2900369,103.8493975
Thomson Chinese Medicine,healthcare,"1.406149,103.902189",1.406149,103.902189
ZTP,healthcare,"1.406414,103.9021918",1.406414,103.9021918
Nuffield Dental Harbourfront,healthcare,"1.2641439,103.820089",1.2641439,103.820089
Unity Denticare,healthcare,"1.2640586,103.8204475",1.2640586,103.8204475
Raffles Medical,healthcare,"1.2648169,103.820005",1.2648169,103.820005
Eastern Clinic & Surgery,healthcare,"1.347685,103.730558",1.347685,103.730558
West Coast Dental,healthcare,"1.2915621,103.8568581",1.2915621,103.8568581
Guardian,healthcare,"1.3498011,103.7490967",1.3498011,103.7490967
Q&M Dental Surgery (Redhill MRT),healthcare,"1.2891955,103.8172116",1.2891955,103.8172116
Guardian,healthcare,"1.2989777,103.7874727",1.2989777,103.7874727
Hockhua Tonic,healthcare,"1.2856749,103.8449771",1.2856749,103.8449771
Crawfurd Medical,healthcare,"1.2957062,103.8585405",1.2957062,103.8585405
Central 24-HR Clinic,healthcare,"1.3500434,103.7247113",1.3500434,103.7247113
Eden Family Clinic,healthcare,"1.3498403,103.7253692",1.3498403,103.7253692
John T.L. Lim Clinic & Surgery,healthcare,"1.3501969,103.7242788",1.3501969,103.7242788
Loi+Wong Clinic & Surgery,healthcare,"1.3491651,103.7252922",1.3491651,103.7252922
Oriental Family Clinic,healthcare,"1.3488909,103.7244728",1.3488909,103.7244728
Sunnyvale Clinic & Surgery,healthcare,"1.3486841,103.7241023",1.3486841,103.7241023
Jurong Dental Surgery,healthcare,"1.349609,103.7193168",1.349609,103.7193168
Eden Dental Surgery,healthcare,"1.368865,103.958232",1.368865,103.958232
W H Yak Family Clinic,healthcare,"1.3231246,103.9338473",1.3231246,103.9338473
Bedok Family Clinic & Surgery,healthcare,"1.3275353,103.9347244",1.3275353,103.9347244
One Care Clinic,healthcare,"1.3239358,103.9298243",1.3239358,103.9298243
Temasek Clinic & Surgery,healthcare,"1.3198308,103.9439857",1.3198308,103.9439857
Kang Clinic,healthcare,"1.3739658,103.85489",1.3739658,103.85489
Guardian,healthcare,"1.3426954,103.9532599",1.3426954,103.9532599
Watsons,healthcare,"1.3423836,103.9530366",1.3423836,103.9530366
Guardian,healthcare,"1.2648898,103.8204771",1.2648898,103.8204771
Unity,healthcare,"1.2643469,103.8204529",1.2643469,103.8204529
Watsons,healthcare,"1.2648288,103.8201152",1.2648288,103.8201152
Casa Dental,healthcare,"1.3098704,103.7686377",1.3098704,103.7686377
My Family Clinic,healthcare,"1.3098536,103.7685997",1.3098536,103.7685997
Etern Medical Clinic,healthcare,"1.4042887,103.9017647",1.4042887,103.9017647
T.S. Wong Clinic & Surgery,healthcare,"1.4342345,103.7755304",1.4342345,103.7755304
Kerbal-Basic TCM Clinic,healthcare,"1.2893739,103.8277584",1.2893739,103.8277584
Pacific Family Clinic,healthcare,"1.2891999,103.8162752",1.2891999,103.8162752
Mandarin Dental Centre,healthcare,"1.2833402,103.81578",1.2833402,103.81578
Fu-Xing Paediatric & Family Clinic,healthcare,"1.2834507,103.8158642",1.2834507,103.8158642
G.H. Goh Dental Surgery,healthcare,"1.2836612,103.8159172",1.2836612,103.8159172
Fresenius Medical Care,healthcare,"1.2836016,103.8159022",1.2836016,103.8159022
Fresenius Medical Care,healthcare,"1.2839038,103.8159783",1.2839038,103.8159783
"Drs. Koo, Koh & Associates P.L. Medical Clinic",healthcare,"1.2837158,103.8163966",1.2837158,103.8163966
Guardian,healthcare,"1.2866202,103.8268953",1.2866202,103.8268953
iDental,healthcare,"1.2778601,103.8474883",1.2778601,103.8474883
Watsons,healthcare,"1.2995747,103.8569914",1.2995747,103.8569914
Guardian,healthcare,"1.3796894,103.7642915",1.3796894,103.7642915
Q&M Dental Surgery (Hougang Central) Pte Ltd,healthcare,"1.3715289,103.8933129",1.3715289,103.8933129
Newport Dental,healthcare,"1.3023029,103.8733077",1.3023029,103.8733077
Pinnacle Family Clinic (Pasir Ris),healthcare,"1.3731372,103.9455918",1.3731372,103.9455918
My Family Clinic (Clementi 325),healthcare,"1.3152781,103.7668558",1.3152781,103.7668558
Ally Health,healthcare,"1.3150925,103.7668554",1.3150925,103.7668554
Punggol Polyclinic,healthcare,"1.4031609,103.9131704",1.4031609,103.9131704
Richlife Chinese Medical Centre,healthcare,"1.3716644,103.8933779",1.3716644,103.8933779
CCK Family Clinic,healthcare,"1.3846616,103.7431167",1.3846616,103.7431167
The Premier Medical Clinic,healthcare,"1.3847135,103.7431023",1.3847135,103.7431023
BOEY @ Holland V Family Clinic,healthcare,"1.3110846,103.7952681",1.3110846,103.7952681
Smile Arts,healthcare,"1.363292,103.7642657",1.363292,103.7642657
Guardian,healthcare,"1.3050006,103.8235722",1.3050006,103.8235722
Mutual Healthcare Medical Clinic,healthcare,"1.3914507,103.8901654",1.3914507,103.8901654
Phoon Clinic and Surgery,healthcare,"1.3321484,103.9145848",1.3321484,103.9145848
Island Family Clinic (Anchorvale),healthcare,"1.3990265,103.88987",1.3990265,103.88987
Smile Dental Surgery,healthcare,"1.3920084,103.8947802",1.3920084,103.8947802
Voon Eye Clinic,healthcare,"1.3005009,103.849542",1.3005009,103.849542
Ng & Lum Dental Surgery,healthcare,"1.3021639,103.8495316",1.3021639,103.8495316
Healthway Medical,healthcare,"1.3854786,103.9015722",1.3854786,103.9015722
Unity,healthcare,"1.3855595,103.9020503",1.3855595,103.9020503
Rivervale Family Clinic & Surgery,healthcare,"1.3858049,103.9020987",1.3858049,103.9020987
Sengkang Dental Surgery,healthcare,"1.3855648,103.9016237",1.3855648,103.9016237
SBCC Baby & Child Clinic (Rivervale Plaza),healthcare,"1.3854882,103.9016163",1.3854882,103.9016163
Lifeline Medical Group,healthcare,"1.385525,103.9015933",1.385525,103.9015933
Luminous,healthcare,"1.3743619,103.8865515",1.3743619,103.8865515
Harmony Dental Surgery,healthcare,"1.3733799,103.8864082",1.3733799,103.8864082
Neighbourhood Medical Clinic,healthcare,"1.3733522,103.8861324",1.3733522,103.8861324
Grace (SL) Medical Centre,healthcare,"1.3718288,103.8935956",1.3718288,103.8935956
Radiant Medical & Aesthetic Centre,healthcare,"1.3716219,103.8934328",1.3716219,103.8934328
clinic,healthcare,"1.3716615,103.8940304",1.3716615,103.8940304
Pro Eyez Optometrists,healthcare,"1.3858372,103.902033",1.3858372,103.902033
Hockhua Tonic,healthcare,"1.3850079,103.9016067",1.3850079,103.9016067
Jintaitong,healthcare,"1.3849302,103.9017166",1.3849302,103.9017166
Amrita Ayurveda & Yoga,healthcare,"1.3065164,103.8524427",1.3065164,103.8524427
Hockhua Tonic,healthcare,"1.3744164,103.8865508",1.3744164,103.8865508
Sunbeam,healthcare,"1.3937889,103.8891266",1.3937889,103.8891266
DA Clinic@Anchorvale,healthcare,"1.3933433,103.8870606",1.3933433,103.8870606
Q&M Medical Clinic (Buangkok Mrt),healthcare,"1.3833115,103.8929226",1.3833115,103.8929226
The Olive Tree Family Clinic & Surgery,healthcare,"1.3871009,103.8904646",1.3871009,103.8904646
Kenneth Tan Medical Clinic,healthcare,"1.3999411,103.9191908",1.3999411,103.9191908
Smiles R Us,healthcare,"1.3998721,103.9192884",1.3998721,103.9192884
My Family Clinic (Punggol Central),healthcare,"1.403537,103.9059814",1.403537,103.9059814
Dental Focus,healthcare,"1.3192652,103.8640623",1.3192652,103.8640623
W Y Teh Family Clinic And Surgery,healthcare,"1.3588127,103.9548835",1.3588127,103.9548835
Cecilia Family Clinic & Surgery,healthcare,"1.3620169,103.952748",1.3620169,103.952748
Choong's Clinic,healthcare,"1.3619964,103.9534674",1.3619964,103.9534674
clinic,healthcare,"1.3779293,103.9556067",1.3779293,103.9556067
clinic,healthcare,"1.3598346,103.9317795",1.3598346,103.9317795
Unity,healthcare,"1.372586,103.8936817",1.372586,103.8936817
MyCLINQ,healthcare,"1.3740616,103.8938451",1.3740616,103.8938451
Family Healthcare Clinic & Surgery,healthcare,"1.3737179,103.8908413",1.3737179,103.8908413
Faith Dental Surgery,healthcare,"1.3699728,103.8724153",1.3699728,103.8724153
Guardian,healthcare,"1.3705653,103.8472831",1.3705653,103.8472831
Kids First Clinic,healthcare,"1.3723101,103.8474714",1.3723101,103.8474714
Raffles Medical,healthcare,"1.3724889,103.8474507",1.3724889,103.8474507
OneDoctors,healthcare,"1.3710916,103.848313",1.3710916,103.848313
Immanuel Dialysis Centre,healthcare,"1.3722759,103.8553457",1.3722759,103.8553457
Chua Medico Clinic,healthcare,"1.3723173,103.8550581",1.3723173,103.8550581
Atrio Family Clinic,healthcare,"1.3738781,103.8549642",1.3738781,103.8549642
24 Hr Clinic,healthcare,"1.3728753,103.8538831",1.3728753,103.8538831
Singapore Buddist Free Clinic (Ang Mo Kio),healthcare,"1.3661806,103.8477074",1.3661806,103.8477074
Hougang Family Medicine Clinic,healthcare,"1.3751487,103.8828083",1.3751487,103.8828083
Medlife Clinic & Surgery,healthcare,"1.3741186,103.8870422",1.3741186,103.8870422
Eu Yan Sang TCM Clinic,healthcare,"1.3719858,103.8473866",1.3719858,103.8473866
Yong Kang TCM Clinic,healthcare,"1.3717735,103.847884",1.3717735,103.847884
Healthway Medical,healthcare,"1.3688314,103.8565262",1.3688314,103.8565262
Q&M Dental Surgery (Seletar),healthcare,"1.3916336,103.8761587",1.3916336,103.8761587
Bok Family Clinic,healthcare,"1.3314614,103.9086289",1.3314614,103.9086289
Slikroutes @ Sengkang Clinic,healthcare,"1.3825278,103.8911956",1.3825278,103.8911956
Island Family Clinic (Sengkang),healthcare,"1.386049,103.8932903",1.386049,103.8932903
Q&M Dental Surgery (Kovan) Pte Ltd,healthcare,"1.3585735,103.8842808",1.3585735,103.8842808
Dover Medical Centre,healthcare,"1.298947,103.7876362",1.298947,103.7876362
Singapore Advanced Medicine Proton Therapy,healthcare,"1.3010276,103.7931057",1.3010276,103.7931057
Drs Koo Loh & Associates,healthcare,"1.3270611,103.7206635",1.3270611,103.7206635
Casa Dental (Holland),healthcare,"1.3085503,103.7929917",1.3085503,103.7929917
Q&M Dental Surgery,healthcare,"1.3591361,103.7519778",1.3591361,103.7519778
Kinsway Medical Clinic(Beauty World),healthcare,"1.3418231,103.7760786",1.3418231,103.7760786
Acumed Medical Group,healthcare,"1.3248462,103.6957771",1.3248462,103.6957771
Seng Hwa Acupuncture & Chinese Medical Centre,healthcare,"1.3314703,103.9085226",1.3314703,103.9085226
Eu Yan Sang,healthcare,"1.4064502,103.902115",1.4064502,103.902115
Zhong Yi Fang,healthcare,"1.3702712,103.883451",1.3702712,103.883451
Joyful Foot,healthcare,"1.3708561,103.8839643",1.3708561,103.8839643
clinic,healthcare,"1.302075,103.7980969",1.302075,103.7980969
JW Corporation Clinic,healthcare,"1.3489854,103.7184351",1.3489854,103.7184351
Sunshine Family Clinic,healthcare,"1.3495462,103.7265472",1.3495462,103.7265472
Xing Juan TCM Clinic,healthcare,"1.3918621,103.8713239",1.3918621,103.8713239
Kin Teck Kong,healthcare,"1.3187616,103.8943566",1.3187616,103.8943566
NEUGen Dental,healthcare,"1.3336103,103.9148519",1.3336103,103.9148519
SOG Clinic for Children,healthcare,"1.286071,103.8289334",1.286071,103.8289334
Integrated Building (CGH-SACH),healthcare,"1.3413012,103.9483102",1.3413012,103.9483102
The Clinic @ Tai Seng,healthcare,"1.3363319,103.8885834",1.3363319,103.8885834
dentist,healthcare,"1.3740706,103.886992",1.3740706,103.886992
TSD Dental Group (Hougang),healthcare,"1.371269,103.8935907",1.371269,103.8935907
Medivene Clinic & Surgery,healthcare,"1.3967943,103.8893207",1.3967943,103.8893207
Thong Chai Medical Institution Sengkang,healthcare,"1.3927453,103.8940416",1.3927453,103.8940416
Unity,healthcare,"1.354445,103.8305445",1.354445,103.8305445
Medora Clinic & Surgery,healthcare,"1.3381568,103.8866274",1.3381568,103.8866274
Kong Kian Clinic,healthcare,"1.3401269,103.8850836",1.3401269,103.8850836
T Medical Clinic (City Gate),healthcare,"1.3019416,103.8623493",1.3019416,103.8623493
中国中医 Chinese medical centre,healthcare,"1.3004442,103.8538867",1.3004442,103.8538867
Watsons,healthcare,"1.302494,103.8344064",1.302494,103.8344064
Knead,healthcare,"1.3118382,103.7944891",1.3118382,103.7944891
WINGS Counselling Centre,healthcare,"1.3434431,103.8794761",1.3434431,103.8794761
Pulse TCM Clinic,healthcare,"1.3046415,103.8306925",1.3046415,103.8306925
Guardian,healthcare,"1.3030615,103.8340823",1.3030615,103.8340823
Marti Derm La Formula,healthcare,"1.3043747,103.8598693",1.3043747,103.8598693
Guardian,healthcare,"1.3074723,103.8629492",1.3074723,103.8629492
New World Clinic & Surgery,healthcare,"1.3072509,103.8578754",1.3072509,103.8578754
Horizon Dental Surgery,healthcare,"1.2872178,103.8405964",1.2872178,103.8405964
Fullerton Healthcare,healthcare,"1.2794961,103.8535499",1.2794961,103.8535499
Watsons,healthcare,"1.2792415,103.8511856",1.2792415,103.8511856
Shenton Family Medical Clinic,healthcare,"1.2760068,103.8411354",1.2760068,103.8411354
Toof Doctor,healthcare,"1.2759416,103.8411717",1.2759416,103.8411717
doctors,healthcare,"1.2799331,103.8432405",1.2799331,103.8432405
Mao Medical Center & Surgery,healthcare,"1.2773807,103.8318569",1.2773807,103.8318569
Tiong Bahru Medical Centre,healthcare,"1.2850445,103.8293517",1.2850445,103.8293517
clinic,healthcare,"1.3521815,103.954022",1.3521815,103.954022
Sterling Clinic & Surgery,healthcare,"1.3506468,103.8762537",1.3506468,103.8762537
NTUC Health Denticare (Bishan),healthcare,"1.3489348,103.849542",1.3489348,103.849542
OneDoctors,healthcare,"1.3499221,103.8730547",1.3499221,103.8730547
Beijing Tong Ren Tang,healthcare,"1.3083634,103.8622754",1.3083634,103.8622754
Bloodbank @ Dhoby Ghaut,healthcare,"1.2988323,103.8457756",1.2988323,103.8457756
Ark Chiropractic,healthcare,"1.2991762,103.7873626",1.2991762,103.7873626
DA Clinic @ Anson,healthcare,"1.2761097,103.8458445",1.2761097,103.8458445
clinic,healthcare,"1.264975,103.8190429",1.264975,103.8190429
Shenton Medical Group,healthcare,"1.3356811,103.9629861",1.3356811,103.9629861
Watsons,healthcare,"1.3343361,103.9628576",1.3343361,103.9628576
MyDoctor @Balestier,healthcare,"1.3252432,103.8508009",1.3252432,103.8508009
N B Tham Clinic,healthcare,"1.3225422,103.8533853",1.3225422,103.8533853
Priya Sen Skin & Laser Centre,healthcare,"1.3225665,103.8136561",1.3225665,103.8136561
Healthway Kembangan Clinic,healthcare,"1.3235646,103.9109013",1.3235646,103.9109013
Atria-Pan Dental Group,healthcare,"1.320794,103.748094",1.320794,103.748094
Unity Dental Surgery,healthcare,"1.3184365,103.8997388",1.3184365,103.8997388
Family Clinic,healthcare,"1.3209029,103.9047441",1.3209029,103.9047441
EC Family Clinic,healthcare,"1.3198925,103.9038068",1.3198925,103.9038068
Guardian,healthcare,"1.3146737,103.8949352",1.3146737,103.8949352
Q&M Dental Surgery (Tanjong Katong),healthcare,"1.3149473,103.8948214",1.3149473,103.8948214
Watsons,healthcare,"1.3148499,103.8944903",1.3148499,103.8944903
Smiles R Us Dental Clinic,healthcare,"1.3144959,103.8945717",1.3144959,103.8945717
National Neuroscience Institute,healthcare,"1.3220719,103.8455834",1.3220719,103.8455834
EMME Visioncare,healthcare,"1.2649686,103.8201961",1.2649686,103.8201961
Eu Yan Sang Premier TCM Centre,healthcare,"1.2642475,103.8204666",1.2642475,103.8204666
Hallmark,healthcare,"1.3236379,103.8420715",1.3236379,103.8420715
Dragon Foot Reflexology Centre,healthcare,"1.3145941,103.8935681",1.3145941,103.8935681
Lucid Eyecare,healthcare,"1.3149923,103.8944727",1.3149923,103.8944727
Central Clinic,healthcare,"1.319258,103.8866552",1.319258,103.8866552
Singapore Buddhist Free Clinic,healthcare,"1.3154371,103.881475",1.3154371,103.881475
ECM X-Ray Centre PTE LTD,healthcare,"1.3150317,103.8829388",1.3150317,103.8829388
Boon Keng Clinic & Surgery,healthcare,"1.3141948,103.8708068",1.3141948,103.8708068
Wan Seng Tong Traditional Medical Hall,healthcare,"1.3143079,103.8710965",1.3143079,103.8710965
Balance&Cleanse,healthcare,"1.3110371,103.8736811",1.3110371,103.8736811
Royce Orthodontic & Paediatric Dental Centre,healthcare,"1.3051483,103.9052085",1.3051483,103.9052085
Insync Medical,healthcare,"1.3048875,103.9040216",1.3048875,103.9040216
Watsons,healthcare,"1.3052733,103.9048197",1.3052733,103.9048197
Wan's Dentist,healthcare,"1.3108455,103.901176",1.3108455,103.901176
EstheClinic Paris,healthcare,"1.3070444,103.9040604",1.3070444,103.9040604
Dental Surgery,healthcare,"1.3167746,103.9017317",1.3167746,103.9017317
Chiat Clinic for Women,healthcare,"1.3134445,103.8996213",1.3134445,103.8996213
Watsons,healthcare,"1.2649875,103.8227771",1.2649875,103.8227771
First Aid Station,healthcare,"1.3013624,103.9153896",1.3013624,103.9153896
Watsons,healthcare,"1.3018552,103.9052333",1.3018552,103.9052333
Xinhuo Medical Clinic,healthcare,"1.31277,103.8794922",1.31277,103.8794922
Nanyang Dentist,healthcare,"1.3120138,103.8767639",1.3120138,103.8767639
Rapid Physiocare,healthcare,"1.3173794,103.8938988",1.3173794,103.8938988
Sin Chay Medical Institution,healthcare,"1.3137969,103.884997",1.3137969,103.884997
Annie Tiang TCM,healthcare,"1.3043241,103.902016",1.3043241,103.902016
ACE Therapy Services,healthcare,"1.3035938,103.9005139",1.3035938,103.9005139
Gentle Dental Group,healthcare,"1.2954357,103.8301715",1.2954357,103.8301715
Q&M Dental Centre (River Valley),healthcare,"1.2962809,103.8300802",1.2962809,103.8300802
Redhill Dental Surgery,healthcare,"1.2881403,103.815157",1.2881403,103.815157
Meden Clinic & Surgery,healthcare,"1.2887871,103.8146922",1.2887871,103.8146922
Dr Steven Ang Asthetic & Family Clinic,healthcare,"1.2890851,103.8161898",1.2890851,103.8161898
Great Wall Acupuncture Clinic,healthcare,"1.2891531,103.8162302",1.2891531,103.8162302
Liu TCM clinic,healthcare,"1.2825111,103.8255999",1.2825111,103.8255999
Chua and Partners Family Clinic,healthcare,"1.2857232,103.8267238",1.2857232,103.8267238
Bright Smile Dental Surgery,healthcare,"1.2854949,103.8269515",1.2854949,103.8269515
Parkway Shenton Medical Group,healthcare,"1.2807119,103.8497728",1.2807119,103.8497728
Jinmin Clinic,healthcare,"1.3187727,103.9118537",1.3187727,103.9118537
A Medical Clinic,healthcare,"1.2774422,103.8402447",1.2774422,103.8402447
Hill Spring Medical,healthcare,"1.3715535,103.8291137",1.3715535,103.8291137
OneCare Clinic,healthcare,"1.3588217,103.7519793",1.3588217,103.7519793
Vista Dental Surgery,healthcare,"1.3591801,103.7518632",1.3591801,103.7518632
National Health Group Diagnostics X-Ray,healthcare,"1.3345021,103.858959",1.3345021,103.858959
GoodDoctors Medical Clinic,healthcare,"1.3167036,103.8977913",1.3167036,103.8977913
British Dental Surgery,healthcare,"1.3852622,103.7429416",1.3852622,103.7429416
Bloodbank@HSA,healthcare,"1.2804798,103.8383246",1.2804798,103.8383246
Watsons,healthcare,"1.3003992,103.8446332",1.3003992,103.8446332
Lee & Ong,healthcare,"1.3056003,103.8300766",1.3056003,103.8300766
The Bishan Family Doctors,healthcare,"1.3588625,103.8448002",1.3588625,103.8448002
Healthcare Medical @ Kovan,healthcare,"1.3587141,103.886752",1.3587141,103.886752
Crown Dental Surgery,healthcare,"1.3581255,103.8845532",1.3581255,103.8845532
Watsons,healthcare,"1.2865252,103.8266444",1.2865252,103.8266444
OneCare Medical Tiong Bahru,healthcare,"1.286088,103.8287953",1.286088,103.8287953
Healthmark Clinic,healthcare,"1.3415955,103.6971597",1.3415955,103.6971597
My Family Clinic,healthcare,"1.3416164,103.6971951",1.3416164,103.6971951
Pier Medical Centre,healthcare,"1.3454948,103.6973409",1.3454948,103.6973409
Ayush Ayurvedic,healthcare,"1.3100182,103.8522813",1.3100182,103.8522813
Q&M Dental Surgery,healthcare,"1.3399601,103.7740475",1.3399601,103.7740475
Watsons,healthcare,"1.3499554,103.7490707",1.3499554,103.7490707
Hisemainn Medical Clinic,healthcare,"1.3536024,103.7040322",1.3536024,103.7040322
Guardian,healthcare,"1.312895,103.923476",1.312895,103.923476
Parkway Cancer Centre,healthcare,"1.3050898,103.8353997",1.3050898,103.8353997
Bethesda Medical,healthcare,"1.3338071,103.8875457",1.3338071,103.8875457
Frontier Family Medicine Clinic,healthcare,"1.3337201,103.8874844",1.3337201,103.8874844
Amber,healthcare,"1.28295,103.8458117",1.28295,103.8458117
Teeth @ Tiong Bahru,healthcare,"1.286045,103.8290044",1.286045,103.8290044
Q&M Dental Center (Balestier),healthcare,"1.3263295,103.8427332",1.3263295,103.8427332
Acumed Medical Group,healthcare,"1.3277251,103.6779312",1.3277251,103.6779312
Parkway Shenton Medical Group,healthcare,"1.3191671,103.8946109",1.3191671,103.8946109
Watsons,healthcare,"1.3185493,103.8941065",1.3185493,103.8941065
Unity,healthcare,"1.3201525,103.8433675",1.3201525,103.8433675
The Muscle Lab Singapore,healthcare,"1.3021458,103.8623823",1.3021458,103.8623823
Eu Yan Sang TCM Clinic,healthcare,"1.286481,103.828141",1.286481,103.828141
Diagnostic Imaging 2,healthcare,"1.2870288,103.8014473",1.2870288,103.8014473
Diagnostic Imaging 3,healthcare,"1.287065,103.8014004",1.287065,103.8014004
Global Ayurvedic Medicine,healthcare,"1.3160832,103.8581325",1.3160832,103.8581325
"Drs Koo, Loh & Fok",healthcare,"1.3107871,103.6302044",1.3107871,103.6302044
Le MinT's Dental Surgery,healthcare,"1.2910162,103.8510291",1.2910162,103.8510291
AcuHealth TCM Medical Centre,healthcare,"1.3591034,103.9551593",1.3591034,103.9551593
Unity,healthcare,"1.3629422,103.895154",1.3629422,103.895154
Lim Country Clinic,healthcare,"1.3587045,103.8867242",1.3587045,103.8867242
Nam Ann Siang Theon Medical Centre,healthcare,"1.3586125,103.8875676",1.3586125,103.8875676
Guardian,healthcare,"1.3592975,103.8853952",1.3592975,103.8853952
Watsons,healthcare,"1.3597428,103.8852613",1.3597428,103.8852613
KHOE,healthcare,"1.3623677,103.8877735",1.3623677,103.8877735
VIVA Medical Group,healthcare,"1.35752,103.9402818",1.35752,103.9402818
B9 Dental Centre,healthcare,"1.3328507,103.8477212",1.3328507,103.8477212
Watsons,healthcare,"1.3328945,103.8481446",1.3328945,103.8481446
Guardian,healthcare,"1.3329443,103.8492586",1.3329443,103.8492586
Q&M Dental Centre,healthcare,"1.3339268,103.8489192",1.3339268,103.8489192
K. L. Tay Clinic & Surgery,healthcare,"1.332343,103.9146544",1.332343,103.9146544
Northeast Medical Group,healthcare,"1.3331026,103.9260888",1.3331026,103.9260888
Gainhealth Clinic and Homecare,healthcare,"1.3733471,103.8546373",1.3733471,103.8546373
Blessed health tcm,healthcare,"1.3708296,103.8570836",1.3708296,103.8570836
Herbs Health,healthcare,"1.3594518,103.8867172",1.3594518,103.8867172
Armstrong's Sports Therapy,healthcare,"1.3529051,103.8363375",1.3529051,103.8363375
Nan Yang Family TCM Clinic,healthcare,"1.3084979,103.8621324",1.3084979,103.8621324
Icon Dental Surgeons,healthcare,"1.3314921,103.7948908",1.3314921,103.7948908
The Dublin Clinic,healthcare,"1.3219646,103.7708148",1.3219646,103.7708148
B9 Dental Centre (Clementi),healthcare,"1.3142384,103.7648427",1.3142384,103.7648427
Pulse TCM Clinic,healthcare,"1.3165315,103.7827039",1.3165315,103.7827039
Unity,healthcare,"1.4063921,103.9022634",1.4063921,103.9022634
teeth.Q,healthcare,"1.3919503,103.8712207",1.3919503,103.8712207
My Family Clinic (Anchorvale),healthcare,"1.394781,103.8880698",1.394781,103.8880698
OneCare Clinic Punggol Plaza,healthcare,"1.394315,103.9129975",1.394315,103.9129975
AE Medical Clinic,healthcare,"1.3982332,103.8779152",1.3982332,103.8779152
Watsons,healthcare,"1.3019116,103.8395478",1.3019116,103.8395478
Watsons,healthcare,"1.2758411,103.8461575",1.2758411,103.8461575
International Plaza Dental Surgeons,healthcare,"1.2758486,103.8462522",1.2758486,103.8462522
Ren Shan TCM Acupuncture Clinic,healthcare,"1.2875404,103.8137919",1.2875404,103.8137919
The Smell Lab,healthcare,"1.2995027,103.8539163",1.2995027,103.8539163
Phyx Physiotherapy,healthcare,"1.3004363,103.8582925",1.3004363,103.8582925
The Clinic @ Campus,healthcare,"1.2963561,103.8500685",1.2963561,103.8500685
Kim Ginseng Chinese Medicine,healthcare,"1.2845415,103.8449571",1.2845415,103.8449571
Family Medicine Clinic Chinatown,healthcare,"1.284741,103.8447974",1.284741,103.8447974
Watsons,healthcare,"1.2911453,103.857907",1.2911453,103.857907
Oliver Dental Surgery,healthcare,"1.3065832,103.8956005",1.3065832,103.8956005
Shim Clinic,healthcare,"1.3201119,103.9445402",1.3201119,103.9445402
Tanamera Clinic,healthcare,"1.3197728,103.9439983",1.3197728,103.9439983
Ma Kuang TCM Medical & Healthcare Centre,healthcare,"1.2971541,103.8554415",1.2971541,103.8554415
Le Mint's Dental Centre,healthcare,"1.30661,103.9062548",1.30661,103.9062548
Katong Baby & Child Clinic,healthcare,"1.30727,103.906717",1.30727,103.906717
Wisteria Xuan TCM,healthcare,"1.3072951,103.9067488",1.3072951,103.9067488
Raintree Dental Clinic,healthcare,"1.3057571,103.9044803",1.3057571,103.9044803
Lifecare Medical Centre,healthcare,"1.3290692,103.8869128",1.3290692,103.8869128
MacPherson Medical Clinic,healthcare,"1.3276628,103.8852316",1.3276628,103.8852316
Wong Family Clinic & Surgery,healthcare,"1.3314315,103.9089331",1.3314315,103.9089331
Tay Clinic,healthcare,"1.3314484,103.9088054",1.3314484,103.9088054
Tan & Koh Clinic & Surgery,healthcare,"1.3313435,103.9097041",1.3313435,103.9097041
Q & M Dental Surgery,healthcare,"1.3320548,103.9140215",1.3320548,103.9140215
Pan Island dental Surgery,healthcare,"1.3325618,103.9142633",1.3325618,103.9142633
Pam Island Clinic & Surgery,healthcare,"1.332581,103.9143056",1.332581,103.9143056
Healthplus Clinic & Surgery,healthcare,"1.3331379,103.9156241",1.3331379,103.9156241
Eastern Medical Centre,healthcare,"1.3332007,103.9156911",1.3332007,103.9156911
Manchester Dental Care,healthcare,"1.3332775,103.9143671",1.3332775,103.9143671
Yap Teck Seng Samuel T.C.M.,healthcare,"1.3328711,103.9151842",1.3328711,103.9151842
YSL Bedok Clinic & Surgery,healthcare,"1.3317292,103.9258356",1.3317292,103.9258356
KHO Clinic,healthcare,"1.3323682,103.9242805",1.3323682,103.9242805
No Ai TCM Clinic,healthcare,"1.324766,103.8578117",1.324766,103.8578117
,healthcare,"1.3135755,103.8569796",1.3135755,103.8569796
Chinese Acupuncture & Cauterization Centre,healthcare,"1.3151443,103.8578405",1.3151443,103.8578405
,healthcare,"1.3113021,103.8598509",1.3113021,103.8598509
HealthLine Family Clinic,healthcare,"1.3234738,103.9239452",1.3234738,103.9239452
OEI & KOH,healthcare,"1.3357219,103.8566962",1.3357219,103.8566962
Guardian,healthcare,"1.2934085,103.8595169",1.2934085,103.8595169
Welcia BHG,healthcare,"1.2951963,103.8599029",1.2951963,103.8599029
G-Clinic,healthcare,"1.2921193,103.8597838",1.2921193,103.8597838
pharmacy,healthcare,"1.3140533,103.8550172",1.3140533,103.8550172
M K Dental Surgery,healthcare,"1.329663,103.9023403",1.329663,103.9023403
新人光學眼鏡 NewMan Optics,healthcare,"1.3328011,103.9379875",1.3328011,103.9379875
Guardian,healthcare,"1.3533826,103.9406857",1.3533826,103.9406857
Oaklife Family Clinic,healthcare,"1.3267682,103.8424618",1.3267682,103.8424618
Sata,healthcare,"1.3278759,103.9211969",1.3278759,103.9211969
Guardian,healthcare,"1.3040836,103.7653711",1.3040836,103.7653711
Q&M Dental Surgery,healthcare,"1.3592316,103.75103",1.3592316,103.75103
First Light Clinic,healthcare,"1.3487394,103.7577652",1.3487394,103.7577652
Lifeline Neighbourhood Medical Clinic,healthcare,"1.3480298,103.7571578",1.3480298,103.7571578
Rehabilitation 1,healthcare,"1.2860746,103.8002625",1.2860746,103.8002625
Unity,healthcare,"1.2925693,103.8107091",1.2925693,103.8107091
Nursing Training Centre,healthcare,"1.2870419,103.801972",1.2870419,103.801972
pharmacy,healthcare,"1.2991162,103.7763275",1.2991162,103.7763275
Royce Dental Orthodontic Centre,healthcare,"1.3917445,103.8758875",1.3917445,103.8758875
Life Family Clinic,healthcare,"1.3714569,103.8467562",1.3714569,103.8467562
Proventia Medical & Dental,healthcare,"1.3166845,103.7827841",1.3166845,103.7827841
Minmed Clinic (Sengkang),healthcare,"1.391998,103.8949214",1.391998,103.8949214
Guardian,healthcare,"1.3174146,103.7859506",1.3174146,103.7859506
Hockhua Tonic,healthcare,"1.4065255,103.9020175",1.4065255,103.9020175
Acumed Medical Group,healthcare,"1.389895,103.8927828",1.389895,103.8927828
Q&M Dental,healthcare,"1.3112363,103.7959918",1.3112363,103.7959918
Smilepoint,healthcare,"1.311057,103.7965005",1.311057,103.7965005
Sports Solutions,healthcare,"1.3107864,103.7965337",1.3107864,103.7965337
My Braces Clinic,healthcare,"1.3103126,103.7963925",1.3103126,103.7963925
Dr W.K. Koo & Associates P.L.,healthcare,"1.3208212,103.7479613",1.3208212,103.7479613
MyHealth Medical Centre,healthcare,"1.3122288,103.7589228",1.3122288,103.7589228
Procross Medical Center,healthcare,"1.3318806,103.868308",1.3318806,103.868308
Ban Kok Clinic & Surgery,healthcare,"1.3316487,103.8675772",1.3316487,103.8675772
Guardian,healthcare,"1.3505214,103.8487601",1.3505214,103.8487601
AeroV,healthcare,"1.3525721,103.8367845",1.3525721,103.8367845
Doctors Inc Medical Group,healthcare,"1.3335559,103.8496979",1.3335559,103.8496979
T P Sim Family Clinic & Surgery,healthcare,"1.3484422,103.8495658",1.3484422,103.8495658
Guardian,healthcare,"1.3151897,103.7647031",1.3151897,103.7647031
Tiong Onn Medical Hall,healthcare,"1.3744215,103.8859921",1.3744215,103.8859921
The iClinic,healthcare,"1.2855801,103.8268785",1.2855801,103.8268785
Han TCM,healthcare,"1.2855196,103.8268999",1.2855196,103.8268999
Tiong Bahru Dental Surgery,healthcare,"1.2864097,103.8281305",1.2864097,103.8281305
Raffles Medical,healthcare,"1.3784112,103.7638595",1.3784112,103.7638595
Raffles Dental,healthcare,"1.3783761,103.7639565",1.3783761,103.7639565
Watsons,healthcare,"1.3783646,103.7636844",1.3783646,103.7636844
Doctor Jay Medical Center,healthcare,"1.2980082,103.8387311",1.2980082,103.8387311
Healing Hands Chiropractic,healthcare,"1.2914333,103.8512489",1.2914333,103.8512489
Elyon Family Clinic & Surgery,healthcare,"1.2739437,103.8085649",1.2739437,103.8085649
doctors,healthcare,"1.2795186,103.7856915",1.2795186,103.7856915
Dover Medical Centre,healthcare,"1.2961959,103.7869593",1.2961959,103.7869593
Thomson Chinese Medicine,healthcare,"1.2934047,103.7848169",1.2934047,103.7848169
One Medical Clinic,healthcare,"1.3461364,103.6974234",1.3461364,103.6974234
Acumed Medical Group,healthcare,"1.3401223,103.7060509",1.3401223,103.7060509
DA Clinic @ Taman Jurong,healthcare,"1.3266952,103.7232314",1.3266952,103.7232314
West Point Clinic,healthcare,"1.3469236,103.6929272",1.3469236,103.6929272
The Rehab Practice (Paediatric) Pte Ltd,healthcare,"1.3023049,103.7930458",1.3023049,103.7930458
Osteopathic Healthcare Pte Ltd,healthcare,"1.3024631,103.7930402",1.3024631,103.7930402
Point Medical Group,healthcare,"1.3344901,103.7202551",1.3344901,103.7202551
Frontier Medical Associates,healthcare,"1.3450954,103.7034374",1.3450954,103.7034374
Hong Kah Chinese Medical Hall,healthcare,"1.3502754,103.7311822",1.3502754,103.7311822
Guardian,healthcare,"1.3391645,103.7057229",1.3391645,103.7057229
Guardian,healthcare,"1.3393962,103.7054675",1.3393962,103.7054675
Lil Warrior,healthcare,"1.3409046,103.7724474",1.3409046,103.7724474
Prohealth Medical Group,healthcare,"1.3399395,103.6997945",1.3399395,103.6997945
Excelsior Clinic,healthcare,"1.3469753,103.7571639",1.3469753,103.7571639
Goh Clinic,healthcare,"1.347154,103.7573318",1.347154,103.7573318
Chungkiaw Clinic,healthcare,"1.3404871,103.7737993",1.3404871,103.7737993
Ascent Dental Surgeons,healthcare,"1.3419993,103.7745628",1.3419993,103.7745628
Pure Dental,healthcare,"1.3404612,103.77398",1.3404612,103.77398
Mandarin Central & Dental Centre,healthcare,"1.3404756,103.7738881",1.3404756,103.7738881
Gentle Dental Group,healthcare,"1.3409993,103.7721856",1.3409993,103.7721856
Cheong Medical Clinic,healthcare,"1.340453,103.7733342",1.340453,103.7733342
Toh Yi Medical Clinic,healthcare,"1.3399856,103.773216",1.3399856,103.773216
Frontier Family Medicine Clinic,healthcare,"1.3142867,103.7651961",1.3142867,103.7651961
马光中医诊所,healthcare,"1.3805389,103.7529503",1.3805389,103.7529503
My Family Clinic (Segar),healthcare,"1.3885085,103.771415",1.3885085,103.771415
Banyan Clinic,healthcare,"1.3504414,103.7181864",1.3504414,103.7181864
Silver Cross Medical,healthcare,"1.3503573,103.7178464",1.3503573,103.7178464
Icon Medical Clinic,healthcare,"1.3454394,103.7194569",1.3454394,103.7194569
Caring Family Clinic,healthcare,"1.3499625,103.7192017",1.3499625,103.7192017
Kinder Family Clinic,healthcare,"1.3503539,103.7190743",1.3503539,103.7190743
The Doctor's Clinic,healthcare,"1.3518816,103.7247127",1.3518816,103.7247127
Teck Seng Chinese Physician,healthcare,"1.3539236,103.7183616",1.3539236,103.7183616
Northeast Medical Centre,healthcare,"1.3506929,103.7199211",1.3506929,103.7199211
Guardian,healthcare,"1.3440766,103.7203853",1.3440766,103.7203853
My Doctor,healthcare,"1.34413,103.720253",1.34413,103.720253
Lakeside Family Medicine Clinic,healthcare,"1.3454017,103.7188383",1.3454017,103.7188383
clinic,healthcare,"1.3453694,103.7188357",1.3453694,103.7188357
OneCare Clinic Boon Lay,healthcare,"1.346558,103.7121141",1.346558,103.7121141
The Hearing Room,healthcare,"1.2914685,103.85115",1.2914685,103.85115
中华医院,healthcare,"1.3322949,103.8513408",1.3322949,103.8513408
Smile Central Clinic,healthcare,"1.3320964,103.8501775",1.3320964,103.8501775
City Dental Surgery,healthcare,"1.2912057,103.8512639",1.2912057,103.8512639
Royce Dental Surgery,healthcare,"1.3483334,103.8492972",1.3483334,103.8492972
Ashi Foot Reflexology,healthcare,"1.3717551,103.8478133",1.3717551,103.8478133
Watsons,healthcare,"1.369613,103.8488919",1.369613,103.8488919
Thai Thong Medical Store,healthcare,"1.2892192,103.815529",1.2892192,103.815529
Redwood Clinic And Surgery,healthcare,"1.289268,103.8171078",1.289268,103.8171078
Island Family Clinic,healthcare,"1.3920201,103.8716567",1.3920201,103.8716567
Minmed Clinic,healthcare,"1.4064469,103.901691",1.4064469,103.901691
One Doctors Family Clinic,healthcare,"1.4065447,103.9017623",1.4065447,103.9017623
Trinity Medical (Punggol),healthcare,"1.4021598,103.9013551",1.4021598,103.9013551
Zenith Medical Clinic,healthcare,"1.4051418,103.8976301",1.4051418,103.8976301
Etern Medical Clinic (Punggol Sumang LRT),healthcare,"1.4083592,103.8990035",1.4083592,103.8990035
Pinnacle Family Clinic,healthcare,"1.4167142,103.9017682",1.4167142,103.9017682
Compassvale 297A Medical Clinic,healthcare,"1.3950826,103.900574",1.3950826,103.900574
Watsons,healthcare,"1.3921619,103.9045989",1.3921619,103.9045989
StarMed Specialist Centre,healthcare,"1.3122814,103.8546429",1.3122814,103.8546429
Guardian Health & Beauty,healthcare,"1.3874024,103.8693722",1.3874024,103.8693722
Q&M,healthcare,"1.4181979,103.8414082",1.4181979,103.8414082
Q&M Dental Surgery (Sengkang),healthcare,"1.3975985,103.8969048",1.3975985,103.8969048
Parkway Shenton Medical Group,healthcare,"1.4029763,103.9128899",1.4029763,103.9128899
Guardian,healthcare,"1.3924424,103.8951582",1.3924424,103.8951582
Outpatient Pharmacy,healthcare,"1.3947382,103.8934537",1.3947382,103.8934537
Mutual Healthcare Medical Clinic,healthcare,"1.3857092,103.8972981",1.3857092,103.8972981
Watsons,healthcare,"1.3943671,103.9130855",1.3943671,103.9130855
B. K. Lim Dental Surgery,healthcare,"1.3323828,103.9146377",1.3323828,103.9146377
International Dental Centre,healthcare,"1.2825307,103.8469977",1.2825307,103.8469977
Northeast Medical Group,healthcare,"1.3427788,103.9536387",1.3427788,103.9536387
Ma Kuang TCM Medical Centre,healthcare,"1.3687218,103.8555019",1.3687218,103.8555019
Kong Choi,healthcare,"1.3484836,103.8487128",1.3484836,103.8487128
Astra Women's Specialist Centre,healthcare,"1.3485176,103.8485376",1.3485176,103.8485376
T&T Dental Surgery,healthcare,"1.3486548,103.8485713",1.3486548,103.8485713
Bright Dental Surgery,healthcare,"1.3628253,103.888254",1.3628253,103.888254
Dr Chan Clinic,healthcare,"1.3593415,103.8880613",1.3593415,103.8880613
Gynae Health Clinic For Women,healthcare,"1.3593376,103.887589",1.3593376,103.887589
Watsons,healthcare,"1.3911897,103.8762307",1.3911897,103.8762307
ProHealth Medical Group @ Fernvale LRT,healthcare,"1.3923951,103.8763298",1.3923951,103.8763298
ProHealth Medical Group @ Fernvale,healthcare,"1.3916854,103.876047",1.3916854,103.876047
The Balmoral Clinic,healthcare,"1.302259,103.8766971",1.302259,103.8766971
Kin Teck Tong,healthcare,"1.3026251,103.8733152",1.3026251,103.8733152
Mandarin Dental Centre,healthcare,"1.3616299,103.8519941",1.3616299,103.8519941
Intemedical Teck Ghee,healthcare,"1.3641077,103.84861",1.3641077,103.84861
clinic,healthcare,"1.3719474,103.9467099",1.3719474,103.9467099
Q&M Dental Surgery,healthcare,"1.3725869,103.9494728",1.3725869,103.9494728
Raffles Dental,healthcare,"1.3725771,103.9496667",1.3725771,103.9496667
Watsons,healthcare,"1.3725046,103.9499905",1.3725046,103.9499905
Health way Medical,healthcare,"1.3834403,103.8971415",1.3834403,103.8971415
Christian Outreach to the Handicapped,healthcare,"1.3598396,103.94623",1.3598396,103.94623
AllSmiles Dental Care Rochor,healthcare,"1.3050567,103.8513572",1.3050567,103.8513572
Li Dental Centre,healthcare,"1.3006865,103.8493521",1.3006865,103.8493521
Nuffield Dental Central,healthcare,"1.3050119,103.8515196",1.3050119,103.8515196
Institute of Mental Health,healthcare,"1.3818667,103.8845994",1.3818667,103.8845994
Joash Family Clinic and Surgery,healthcare,"1.3630401,103.8885051",1.3630401,103.8885051
Unity,healthcare,"1.3191001,103.8943206",1.3191001,103.8943206
Neo Smiles Dental Studio Kovan,healthcare,"1.3589594,103.8872185",1.3589594,103.8872185
The Dental Practice,healthcare,"1.3373225,103.921251",1.3373225,103.921251
S.T. Medical Clinic,healthcare,"1.3330877,103.9260241",1.3330877,103.9260241
Thomson Women's Clinic,healthcare,"1.2856271,103.8268548",1.2856271,103.8268548
Greenlife Dental Clinic,healthcare,"1.2854362,103.826988",1.2854362,103.826988
Evangel Medical Clinic,healthcare,"1.3275529,103.924687",1.3275529,103.924687
pharmacy,healthcare,"1.4483697,103.8197249",1.4483697,103.8197249
Advanced Dental,healthcare,"1.4167455,103.9017213",1.4167455,103.9017213
Chung Hwa Medical Institution,healthcare,"1.440225,103.8021087",1.440225,103.8021087
Guardian,healthcare,"1.430565,103.8277401",1.430565,103.8277401
OneDoctors,healthcare,"1.4172444,103.8345881",1.4172444,103.8345881
Guardian,healthcare,"1.3568243,103.9896318",1.3568243,103.9896318
Mediline Wei Min Clinic,healthcare,"1.3651898,103.8661498",1.3651898,103.8661498
K.N. Lau Clinic,healthcare,"1.3647782,103.8660983",1.3647782,103.8660983
Guardian,healthcare,"1.3641107,103.865514",1.3641107,103.865514
Jade Medical Clinic,healthcare,"1.2891622,103.846639",1.2891622,103.846639
Dawson Medical Singapore,healthcare,"1.2953713,103.8094704",1.2953713,103.8094704
Minmed Clinic (Redhill),healthcare,"1.2900423,103.8170888",1.2900423,103.8170888
Clementi Polyclinic,healthcare,"1.3126992,103.7656185",1.3126992,103.7656185
Central 24-hr clinic,healthcare,"1.3134311,103.7655012",1.3134311,103.7655012
新中,healthcare,"1.3132844,103.7655656",1.3132844,103.7655656
clinic,healthcare,"1.3935916,103.909454",1.3935916,103.909454
Medical Clinic,healthcare,"1.3727614,103.8989326",1.3727614,103.8989326
Central 24-Hr Clinic (Hougang),healthcare,"1.3725723,103.8856713",1.3725723,103.8856713
Rhema,healthcare,"1.3544962,103.8791387",1.3544962,103.8791387
FHC Dialysis Centre Pte Ltd,healthcare,"1.3620171,103.8856749",1.3620171,103.8856749
Medicane Associates,healthcare,"1.3698791,103.8703705",1.3698791,103.8703705
Chiew Clinic,healthcare,"1.3620335,103.885093",1.3620335,103.885093
Guardian,healthcare,"1.3506629,103.8725831",1.3506629,103.8725831
Drs Lim & Chan Clinic,healthcare,"1.3506791,103.8757569",1.3506791,103.8757569
Watsons,healthcare,"1.3726746,103.8938132",1.3726746,103.8938132
Chen Family Clinic,healthcare,"1.3702358,103.8727691",1.3702358,103.8727691
NTUC Health Denticare,healthcare,"1.3742216,103.8855596",1.3742216,103.8855596
Guardian,healthcare,"1.3496673,103.8500176",1.3496673,103.8500176
Guardian,healthcare,"1.3915673,103.8758859",1.3915673,103.8758859
Vital Care,healthcare,"1.3725978,103.8540144",1.3725978,103.8540144
Healthway Medical,healthcare,"1.3626523,103.8507325",1.3626523,103.8507325
Watsons,healthcare,"1.3794249,103.8877603",1.3794249,103.8877603
TCM Clinic,healthcare,"1.3291615,103.8733882",1.3291615,103.8733882
Suwen TCM Clinic Pte Ltd,healthcare,"1.3524338,103.8349052",1.3524338,103.8349052
LVDA Dental Centre,healthcare,"1.3528108,103.8344487",1.3528108,103.8344487
Dental Surgery,healthcare,"1.3692387,103.8498585",1.3692387,103.8498585
Guardian,healthcare,"1.333176,103.9144833",1.333176,103.9144833
Watsons,healthcare,"1.3343042,103.8893864",1.3343042,103.8893864
Guardian,healthcare,"1.3315632,103.8685212",1.3315632,103.8685212
Watsons,healthcare,"1.3314399,103.8685179",1.3314399,103.8685179
SATA CommHealth Potong Pasir Medical Centre,healthcare,"1.3290723,103.8700587",1.3290723,103.8700587
Shenton Medical Clinic,healthcare,"1.3374415,103.9219446",1.3374415,103.9219446
Guardian,healthcare,"1.337509,103.9219774",1.337509,103.9219774
Unihealth Toa Payoh,healthcare,"1.3335469,103.8493034",1.3335469,103.8493034
Raffles Medical,healthcare,"1.333908,103.8495277",1.333908,103.8495277
Newlife Dental Practice,healthcare,"1.289245,103.8465729",1.289245,103.8465729
Q&M Dental Surgery,healthcare,"1.3502367,103.8727968",1.3502367,103.8727968
Tiong Bahru Community Healthcare Centre,healthcare,"1.285634,103.8260893",1.285634,103.8260893
The Movement Laboratory,healthcare,"1.3017557,103.7899723",1.3017557,103.7899723
National University Hospital,healthcare,"1.2941992,103.7830593",1.2941992,103.7830593
Sichuan Chinese Medicine Centre,healthcare,"1.3329034,103.915289",1.3329034,103.915289
TSD Dental Group (Tampines),healthcare,"1.3549877,103.9444193",1.3549877,103.9444193
Hock Leong Ann TCM Clinic,healthcare,"1.4023201,103.891881",1.4023201,103.891881
Calrose Medical,healthcare,"1.4022893,103.8920392",1.4022893,103.8920392
Ooagachaga,healthcare,"1.2834262,103.8440475",1.2834262,103.8440475
DennisTan.com.sg - Veneers Singapore,healthcare,"1.283571,103.8522148",1.283571,103.8522148
Anteh Dispensary Pte Ltd,healthcare,"1.3127004,103.8824701",1.3127004,103.8824701
OrthoSportsAtConnexion,healthcare,"1.3125904,103.8539957",1.3125904,103.8539957
Guardian,healthcare,"1.3540432,103.9892831",1.3540432,103.9892831
faber health resource center,healthcare,"1.2688369,103.814787",1.2688369,103.814787
Sefton Medical Centre Pte. Ltd.,healthcare,"1.3074333,103.7936658",1.3074333,103.7936658
May Medical Clinic & Surgery,healthcare,"1.307553,103.7934864",1.307553,103.7934864
Healthway Medical Clinic,healthcare,"1.3076768,103.7933325",1.3076768,103.7933325
Dr Seow Dental Clinic,healthcare,"1.3072494,103.7930827",1.3072494,103.7930827
Family Health Clinic,healthcare,"1.3074786,103.7928071",1.3074786,103.7928071
Siah Ah Cheok Chinese Medical Hall,healthcare,"1.3482772,103.8799713",1.3482772,103.8799713
Raffles Medical,healthcare,"1.2910677,103.8589975",1.2910677,103.8589975
St Luke's Eldercare Active Ageing Centre (Care) @ Northshore,healthcare,"1.4174502,103.9007035",1.4174502,103.9007035
Bethel Dental Surgery,healthcare,"1.3805246,103.7642492",1.3805246,103.7642492
Tampines Family Medicine Clinic,healthcare,"1.353639,103.9396652",1.353639,103.9396652
Smile Concept Dental Practice,healthcare,"1.3022771,103.8767596",1.3022771,103.8767596
Raffles Medical,healthcare,"1.2910677,103.8589975",1.2910677,103.8589975
Siah Ah Cheok Chinese Medical Hall,healthcare,"1.3482772,103.8799713",1.3482772,103.8799713
The Neptune Clinic,healthcare,"1.313717,103.7670566",1.313717,103.7670566
Canterbury Family Clinic & Surgery,healthcare,"1.3140032,103.7670575",1.3140032,103.7670575
Chien Chi Tow,healthcare,"1.3079475,103.8949565",1.3079475,103.8949565
Raffles Medical,healthcare,"1.3349022,103.962505",1.3349022,103.962505
Q&M Dental Surgery (Hougang),healthcare,"1.3704538,103.8954633",1.3704538,103.8954633
Fundamental Aesthetic Medical Clinic,healthcare,"1.3705083,103.8954421",1.3705083,103.8954421
Exodus Physiotherapy,healthcare,"1.3706394,103.8953257",1.3706394,103.8953257
Xiang Sheng Tang TCM Pte. Ltd.,healthcare,"1.3706986,103.8950449",1.3706986,103.8950449
Zu Le Fang,healthcare,"1.3706581,103.8949997",1.3706581,103.8949997
The Cheery Child Clinic,healthcare,"1.3704387,103.8954645",1.3704387,103.8954645
Trucare Medical & Surgery,healthcare,"1.3703744,103.8954267",1.3703744,103.8954267
Dr Plus Medical & Paincare Hougang,healthcare,"1.3703931,103.8954608",1.3703931,103.8954608
Smilefocus,healthcare,"1.3031326,103.8238791",1.3031326,103.8238791
Guardian,healthcare,"1.2841853,103.8525211",1.2841853,103.8525211
GPA Dental @ Parkview Square,healthcare,"1.3002416,103.8573517",1.3002416,103.8573517
Ong's Clinic,healthcare,"1.3027238,103.8524129",1.3027238,103.8524129
Singapore Paincare TCM Wellness,healthcare,"1.2913006,103.8575122",1.2913006,103.8575122
Family Medical Clinic,healthcare,"1.3476746,103.7570747",1.3476746,103.7570747
Everhealth Family Clinic & Surgery,healthcare,"1.3486805,103.6978081",1.3486805,103.6978081
Lee Family Clinic,healthcare,"1.3486717,103.6978948",1.3486717,103.6978948
Dr. W. K. Koo & Associates P.L.,healthcare,"1.3383092,103.7053262",1.3383092,103.7053262
AcuMed Medical Group,healthcare,"1.3382834,103.7052453",1.3382834,103.7052453
Guardian,healthcare,"1.3414145,103.6913104",1.3414145,103.6913104
Healthway Medical,healthcare,"1.3414323,103.6911995",1.3414323,103.6911995
TS Dental Care,healthcare,"1.3085329,103.8621557",1.3085329,103.8621557
SingYan Tang,healthcare,"1.3082206,103.8621854",1.3082206,103.8621854
Apex Medical Centre,healthcare,"1.3414074,103.6913906",1.3414074,103.6913906
"Drs Koo, Fok & Associates",healthcare,"1.337582,103.6978778",1.337582,103.6978778
"Drs Oh, Lim, Wong & Partners",healthcare,"1.3414922,103.6906352",1.3414922,103.6906352
pharmacy,healthcare,"1.309675,103.8557243",1.309675,103.8557243
Ong's Clinic,healthcare,"1.3022975,103.8527701",1.3022975,103.8527701
Roy's Family Clinic,healthcare,"1.4171724,103.8345517",1.4171724,103.8345517
Tayka Medical,healthcare,"1.309443,103.8548514",1.309443,103.8548514
Ayush Ayurvedic,healthcare,"1.3101296,103.8523607",1.3101296,103.8523607
Kerala Ayuverda Clinic,healthcare,"1.3084318,103.8514547",1.3084318,103.8514547
Wahweda's,healthcare,"1.3069464,103.8515389",1.3069464,103.8515389
Depacific Dental Group,healthcare,"1.3416444,103.6926113",1.3416444,103.6926113
Ecobody Healthcare,healthcare,"1.3255773,103.8424723",1.3255773,103.8424723
Littke India Dentist,healthcare,"1.3068994,103.8515923",1.3068994,103.8515923
Guardian,healthcare,"1.2887832,103.8465992",1.2887832,103.8465992
Guardian,healthcare,"1.3200693,103.8436057",1.3200693,103.8436057
Watsons,healthcare,"1.3202555,103.8437297",1.3202555,103.8437297
NKF Dialysis Centre,healthcare,"1.2825995,103.8234166",1.2825995,103.8234166
Terragold TCM,healthcare,"1.3202553,103.8431033",1.3202553,103.8431033
Sembawang Polyclinic (U/C),healthcare,"1.4482078,103.8228151",1.4482078,103.8228151
Liang Yi,healthcare,"1.3051025,103.9052169",1.3051025,103.9052169
Bao Zhi Tang,healthcare,"1.303677,103.903042",1.303677,103.903042
AMK Specialist Centre,healthcare,"1.3723779,103.8471951",1.3723779,103.8471951
Chan Family Clinic,healthcare,"1.3035333,103.9005451",1.3035333,103.9005451
Glory Dental Surgery,healthcare,"1.3035661,103.9007459",1.3035661,103.9007459
Dong Fa,healthcare,"1.3038107,103.9009694",1.3038107,103.9009694
Adam Road Medical Center,healthcare,"1.3236806,103.8102598",1.3236806,103.8102598
Sunshine Dental,healthcare,"1.3022448,103.8620962",1.3022448,103.8620962
Communikidz Therapy,healthcare,"1.3023074,103.8623953",1.3023074,103.8623953
Joy Family Clinic,healthcare,"1.3371143,103.9199923",1.3371143,103.9199923
Thomson Medical Chinese Medicine,healthcare,"1.3256108,103.8427126",1.3256108,103.8427126
Guardian,healthcare,"1.3039815,103.8316423",1.3039815,103.8316423
Guardian,healthcare,"1.3035419,103.8359113",1.3035419,103.8359113
Guardian,healthcare,"1.305803,103.8327398",1.305803,103.8327398
TSD Dental Group,healthcare,"1.3850229,103.7430261",1.3850229,103.7430261
Phoenix Medical Group Novena,healthcare,"1.3211611,103.8416434",1.3211611,103.8416434
Q & M Dental Surgery (Jurong West),healthcare,"1.3395352,103.7070067",1.3395352,103.7070067
International Medical Clinic,healthcare,"1.304979,103.9045224",1.304979,103.9045224
Dr Chua's Family Clinic,healthcare,"1.3415639,103.6971161",1.3415639,103.6971161
Amoy street dental,healthcare,"1.2806309,103.8470752",1.2806309,103.8470752
Killiney Medical Clinic,healthcare,"1.298913,103.8395433",1.298913,103.8395433
GIFT Medical Centre,healthcare,"1.3331731,103.8787728",1.3331731,103.8787728
Family Dental Centre,healthcare,"1.3225539,103.8534591",1.3225539,103.8534591
Dr W K Koo & Associates,healthcare,"1.3403378,103.7062309",1.3403378,103.7062309
Everhealth Medical Centre,healthcare,"1.3777985,103.8915104",1.3777985,103.8915104
Elissa Medical Clinic,healthcare,"1.3757868,103.8796958",1.3757868,103.8796958
Unity,healthcare,"1.3754781,103.8794441",1.3754781,103.8794441
Healthway Clinic,healthcare,"1.3411979,103.7068471",1.3411979,103.7068471
College Clinic,healthcare,"1.3024931,103.77589",1.3024931,103.77589
Eiddwen Family Medicine Clinic,healthcare,"1.3096209,103.884491",1.3096209,103.884491
Guardian,healthcare,"1.3722863,103.8937958",1.3722863,103.8937958
Tai Dental Surgery,healthcare,"1.3234271,103.9239595",1.3234271,103.9239595
Luminous,healthcare,"1.3236722,103.9237244",1.3236722,103.9237244
Ava Eye Clinic,healthcare,"1.3204025,103.8427548",1.3204025,103.8427548
Parklane Medical Centre,healthcare,"1.3006418,103.8493335",1.3006418,103.8493335
KiroLounge - The Spine Place,healthcare,"1.301773,103.8577221",1.301773,103.8577221
Smile Dental Group,healthcare,"1.3077289,103.9073671",1.3077289,103.9073671
Royce Dental Surgery,healthcare,"1.3387253,103.8717817",1.3387253,103.8717817
Parkway MediCentre,healthcare,"1.3386411,103.8720397",1.3386411,103.8720397
"Blk 101, ttsh foot and limb center",healthcare,"1.3206085,103.8484559",1.3206085,103.8484559
Watsons,healthcare,"1.3542764,103.8304262",1.3542764,103.8304262
Guardian,healthcare,"1.3544305,103.8305725",1.3544305,103.8305725
Q&M Dental Surgery,healthcare,"1.3202941,103.8618426",1.3202941,103.8618426
,healthcare,"1.2842766,103.8447232",1.2842766,103.8447232
Eu Yan Sang,healthcare,"1.3920544,103.8947137",1.3920544,103.8947137
White Eco Dental Care,healthcare,"1.302542,103.9067472",1.302542,103.9067472
Healthway Medical,healthcare,"1.3197988,103.861451",1.3197988,103.861451
El Shaddai,healthcare,"1.3204719,103.8619888",1.3204719,103.8619888
Tan Teoh Clinic & Surgery,healthcare,"1.3192674,103.8609969",1.3192674,103.8609969
Yooi Clinic,healthcare,"1.3204059,103.8619348",1.3204059,103.8619348
Dental Focus,healthcare,"1.3164253,103.8994402",1.3164253,103.8994402
Vitality TCM Wellness,healthcare,"1.3224369,103.8529754",1.3224369,103.8529754
Care Physiotherapy Clinic,healthcare,"1.3124597,103.8575901",1.3124597,103.8575901
True care Clinic,healthcare,"1.3144784,103.8541035",1.3144784,103.8541035
Prorehab,healthcare,"1.3176411,103.8524344",1.3176411,103.8524344
The Other Clinic,healthcare,"1.3150224,103.8811219",1.3150224,103.8811219
Q&M Dental Centre,healthcare,"1.3263297,103.8427334",1.3263297,103.8427334
Central Clinic Surgery,healthcare,"1.3024141,103.9072184",1.3024141,103.9072184
Smile Arts Dental Studio,healthcare,"1.3024587,103.9071876",1.3024587,103.9071876
Imperial TCM Pte. Ltd.,healthcare,"1.3024933,103.9071637",1.3024933,103.9071637
TC Family Clinic,healthcare,"1.3475136,103.7170846",1.3475136,103.7170846
Shenton Medical Group,healthcare,"1.3787067,103.9422417",1.3787067,103.9422417
Healthway Medical Clinic,healthcare,"1.3787806,103.9422286",1.3787806,103.9422286
Healthway Medical Clinic,healthcare,"1.3788465,103.9421928",1.3788465,103.9421928
Elias Family Clinic & Surgery,healthcare,"1.3788978,103.9421381",1.3788978,103.9421381
Kidneycare Dialysis Centre,healthcare,"1.3785468,103.9418327",1.3785468,103.9418327
K.B. Tan Clinic & Laser Surgery,healthcare,"1.3787575,103.9417791",1.3787575,103.9417791
Ngoi Dental Surgery,healthcare,"1.3474136,103.7170843",1.3474136,103.7170843
Low & Lee Clinic & Surgery,healthcare,"1.3272878,103.919211",1.3272878,103.919211
FamilyCare Clinic and Surgery,healthcare,"1.3271135,103.918916",1.3271135,103.918916
Fresenius Medical Care,healthcare,"1.3491163,103.7296144",1.3491163,103.7296144
United Health Family Clinic & Surgery,healthcare,"1.4176987,103.8371166",1.4176987,103.8371166
Tang Family Clinic,healthcare,"1.3404956,103.7731508",1.3404956,103.7731508
Singapore Orthopaedic Clinic,healthcare,"1.3220092,103.8441955",1.3220092,103.8441955
Azure Dental,healthcare,"1.3310028,103.7963823",1.3310028,103.7963823
St John Singapore Dementia Centre,healthcare,"1.3016846,103.8634603",1.3016846,103.8634603
NKF Dialysis Center,healthcare,"1.3961432,103.8914706",1.3961432,103.8914706
Watsons,healthcare,"1.2842405,103.8525292",1.2842405,103.8525292
MobileDoctorClinic,healthcare,"1.2848614,103.8469329",1.2848614,103.8469329
All Kong Tong TCM,healthcare,"1.2968395,103.8540122",1.2968395,103.8540122
Urgent Care Centre,healthcare,"1.2869166,103.8016072",1.2869166,103.8016072
The Family Doctor,healthcare,"1.3523595,103.8349452",1.3523595,103.8349452
Guardian,healthcare,"1.4065476,103.9017048",1.4065476,103.9017048
Vista Dental Surgery,healthcare,"1.3921732,103.8954867",1.3921732,103.8954867
Healthmark Family Clinic (Compassvale),healthcare,"1.3950646,103.8958158",1.3950646,103.8958158
Smile Arts Dental Studio,healthcare,"1.3828371,103.8936376",1.3828371,103.8936376
My Family Clinic (Hougang Central),healthcare,"1.3707002,103.8947294",1.3707002,103.8947294
Raffles Medical,healthcare,"1.3713249,103.8939429",1.3713249,103.8939429
Vista Dental Surgery,healthcare,"1.3712066,103.8938363",1.3712066,103.8938363
ProHealth,healthcare,"1.3826272,103.8937854",1.3826272,103.8937854
Hougang Central Medical Clinic,healthcare,"1.3708928,103.8947603",1.3708928,103.8947603
Shenton Medical Group,healthcare,"1.3829151,103.8933453",1.3829151,103.8933453
Health First Family Clinic,healthcare,"1.2825856,103.825695",1.2825856,103.825695
Bloodbank@One Punggol,healthcare,"1.4079068,103.9046775",1.4079068,103.9046775
Garden Clinic,healthcare,"1.3536722,103.8677737",1.3536722,103.8677737
Sing Kang TCM Clinic,healthcare,"1.3179652,103.843353",1.3179652,103.843353
HAN TCM Medical,healthcare,"1.313602,103.7631406",1.313602,103.7631406
Denticare,healthcare,"1.3135501,103.7631848",1.3135501,103.7631848
Onecare Clinic,healthcare,"1.3870608,103.7621248",1.3870608,103.7621248
GP @ Joo Chiat Clinic,healthcare,"1.3123694,103.900192",1.3123694,103.900192
Watsons,healthcare,"1.3111274,103.8567805",1.3111274,103.8567805
Guardian,healthcare,"1.3110647,103.8565091",1.3110647,103.8565091
Guardian,healthcare,"1.3055003,103.9048981",1.3055003,103.9048981
Guardian,healthcare,"1.3105943,103.7956263",1.3105943,103.7956263
Guardian,healthcare,"1.3112865,103.7939161",1.3112865,103.7939161
Guardian,healthcare,"1.264681,103.8215352",1.264681,103.8215352
Bloodbank @ One Punggol,healthcare,"1.409303,103.9050683",1.409303,103.9050683
St Luke's Eldercare Senior Care Centre,healthcare,"1.4090843,103.905091",1.4090843,103.905091
Joy Dental Centre (Punggol),healthcare,"1.4094213,103.9051175",1.4094213,103.9051175
Family Health Clinic & Surgery,healthcare,"1.3258868,103.8422296",1.3258868,103.8422296
Guardian,healthcare,"1.3010042,103.8448923",1.3010042,103.8448923
Guardian,healthcare,"1.2996703,103.8558609",1.2996703,103.8558609
Tooth Matters Dental Surgery,healthcare,"1.2966658,103.8534251",1.2966658,103.8534251
Quantum Medical Imaging,healthcare,"1.3095086,103.8644963",1.3095086,103.8644963
Bodyworks Chiropractic,healthcare,"1.3095442,103.8644913",1.3095442,103.8644913
Time Enterprise TCM,healthcare,"1.3096732,103.8639577",1.3096732,103.8639577
The Clinic @ Aperia,healthcare,"1.3096636,103.8640917",1.3096636,103.8640917
Delta Dental Surgeons,healthcare,"1.3094964,103.8644371",1.3094964,103.8644371
Neo Smiles Dental Studio,healthcare,"1.3257047,103.9320408",1.3257047,103.9320408
Guardian,healthcare,"1.3630511,103.7645017",1.3630511,103.7645017
HC Endoscopy & Piles Centre,healthcare,"1.3331325,103.8491921",1.3331325,103.8491921
Alliance Medical Centre,healthcare,"1.2987128,103.8461112",1.2987128,103.8461112
Hyperbaric Medical Services,healthcare,"1.3247768,103.8422485",1.3247768,103.8422485
LKF Medical,healthcare,"1.2867403,103.8477685",1.2867403,103.8477685
Holistic Care Family Clinic,healthcare,"1.3918582,103.8715542",1.3918582,103.8715542
Kang Clinic,healthcare,"1.395961,103.8728442",1.395961,103.8728442
PanHealth Family Clinic (Hougang),healthcare,"1.3751009,103.8821732",1.3751009,103.8821732
Bliss Dental (Hougang),healthcare,"1.3758402,103.8796411",1.3758402,103.8796411
Watsons,healthcare,"1.2810341,103.8509412",1.2810341,103.8509412
Absolute Family Dental,healthcare,"1.3177486,103.8619364",1.3177486,103.8619364
Toothsmith,healthcare,"1.3310671,103.8687047",1.3310671,103.8687047
PanHealth Family Clinic,healthcare,"1.4112949,103.9005482",1.4112949,103.9005482
Watsons,healthcare,"1.3111485,103.7940503",1.3111485,103.7940503
Joy Dental Centre,healthcare,"1.283332,103.816864",1.283332,103.816864
Guardian,healthcare,"1.4433012,103.8305586",1.4433012,103.8305586
Healthway Medical,healthcare,"1.4531482,103.8165964",1.4531482,103.8165964
Sembawang Dental Surgery,healthcare,"1.4530155,103.8168459",1.4530155,103.8168459
Temasek Medical Centre,healthcare,"1.4529786,103.8169122",1.4529786,103.8169122
depacific,healthcare,"1.3266743,103.8454947",1.3266743,103.8454947
Malayala Ayurveda Vaidyasala,healthcare,"1.3130987,103.8565451",1.3130987,103.8565451
Guardian,healthcare,"1.437401,103.7951485",1.437401,103.7951485
Global Ayurveda Centre,healthcare,"1.3161868,103.8581873",1.3161868,103.8581873
Tanjong Pagar Medical Hall,healthcare,"1.2768194,103.8432453",1.2768194,103.8432453
DePacific Dental,healthcare,"1.327036,103.8464306",1.327036,103.8464306
"Japanese Association Clinic, Singapore",healthcare,"1.330635,103.8157691",1.330635,103.8157691
LiveWell Medical,healthcare,"1.3267486,103.8465576",1.3267486,103.8465576
Zhong Yue Therapy,healthcare,"1.3270429,103.8465044",1.3270429,103.8465044
Qian Jin TCM,healthcare,"1.3267399,103.8463715",1.3267399,103.8463715
Singapore General Hospital,healthcare,"1.2796064,103.8349441",1.2796064,103.8349441
Q&M,healthcare,"1.2915727,103.8505353",1.2915727,103.8505353
Q&M Dental Surgery,healthcare,"1.3485978,103.8481904",1.3485978,103.8481904
Elevate Physiotherapy,healthcare,"1.3648296,103.865737",1.3648296,103.865737
Mount Elizabeth Proton Therapy Centre,healthcare,"1.3224903,103.8450626",1.3224903,103.8450626
Carelink,healthcare,"1.3259807,103.8501156",1.3259807,103.8501156
Trans Island Medical Group,healthcare,"1.3208122,103.8621964",1.3208122,103.8621964
Nuffield Dental,healthcare,"1.3112519,103.7938571",1.3112519,103.7938571
Healthmark Medical Clinic,healthcare,"1.3994341,103.9159399",1.3994341,103.9159399
Balestier Medical Clinic,healthcare,"1.3213048,103.8532002",1.3213048,103.8532002
Advanced Dental,healthcare,"1.3183477,103.8631342",1.3183477,103.8631342
ATA Medical,healthcare,"1.2738358,103.8446046",1.2738358,103.8446046
Raffles Medicial,healthcare,"1.3579669,103.9864825",1.3579669,103.9864825
Singapore Chee Chung Huay Free Clinic,healthcare,"1.3310478,103.8796607",1.3310478,103.8796607
The Oral Maxillofacial Practice,healthcare,"1.3221308,103.8443128",1.3221308,103.8443128
Synergy Orthopaedic Group,healthcare,"1.3221208,103.8441796",1.3221208,103.8441796
Dover Park Hospice,healthcare,"1.3238127,103.8462468",1.3238127,103.8462468
Guardian,healthcare,"1.3014748,103.8399817",1.3014748,103.8399817
Q&M,healthcare,"1.2856707,103.8451123",1.2856707,103.8451123
Guardian,healthcare,"1.2954377,103.8598264",1.2954377,103.8598264
Guardian,healthcare,"1.295041,103.859115",1.295041,103.859115
Guardian,healthcare,"1.3967608,103.8881079",1.3967608,103.8881079
SingHealth Pharmacare,healthcare,"1.3948296,103.8929535",1.3948296,103.8929535
Watsons,healthcare,"1.3173199,103.892642",1.3173199,103.892642
Watsons Health,healthcare,"1.3033539,103.8358132",1.3033539,103.8358132
Ocean TCM & Beaute,healthcare,"1.3267009,103.8450445",1.3267009,103.8450445
Tanglin Dental,healthcare,"1.3223571,103.763775",1.3223571,103.763775
Pinnacle Family Clinic,healthcare,"1.3224108,103.7637757",1.3224108,103.7637757
