name,amenity_type,LatLng,lat,lon
Sembawang Public Library,recreation,"1.44819664827432,103.819498553738",1.44819664827432,103.819498553738
Sengkang Public Library,recreation,"1.39164107310365,103.894771922697",1.39164107310365,103.894771922697
Serangoon Public Library,recreation,"1.35072709374027,103.872256917786",1.35072709374027,103.872256917786
Bukit Panjang Public Library,recreation,"1.37993637366735,103.764350064878",1.37993637366735,103.764350064878
Punggol Regional Library,recreation,"1.4093200762839,103.905335818273",1.4093200762839,103.905335818273
library@harbourfront,recreation,"1.26392174964736,103.82163145796",1.26392174964736,103.82163145796
National Archives of Singapore,recreation,"1.29332950881488,103.848436882843",1.29332950881488,103.848436882843
Central Arts Library,recreation,"1.29762079440739,103.854408066444",1.29762079440739,103.854408066444
Toa Payoh Public Library,recreation,"1.33362463556477,103.85096929438",1.33362463556477,103.85096929438
Woodlands Regional Library,recreation,"1.43503700134939,103.786927526354",1.43503700134939,103.786927526354
Yishun Public Library,recreation,"1.42971547356642,103.835803458095",1.42971547356642,103.835803458095
Choa Chu Kang Public Library,recreation,"1.38495919705382,103.745039269848",1.38495919705382,103.745039269848
Ang Mo Kio Public Library,recreation,"1.37479006912036,103.845580674824",1.37479006912036,103.845580674824
Bedok Public Library,recreation,"1.32698939805286,103.931691125839",1.32698939805286,103.931691125839
Bishan Public Library,recreation,"1.3498506667736,103.848840445413",1.3498506667736,103.848840445413
Bukit Batok Public Library,recreation,"1.34970832762173,103.749274500587",1.34970832762173,103.749274500587
National Library,recreation,"1.29720240914801,103.854287271717",1.29720240914801,103.854287271717
Pasir Ris Public Library,recreation,"1.37235750960519,103.949439880186",1.37235750960519,103.949439880186
Queenstown Public Library,recreation,"1.29871263170447,103.805520397172",1.29871263170447,103.805520397172
Central Public Library,recreation,"1.29742018061931,103.854234798536",1.29742018061931,103.854234798536
Cheng San Public Library,recreation,"1.3725726449182,103.893775348884",1.3725726449182,103.893775348884
Clementi Public Library,recreation,"1.31506201647581,103.764305614552",1.31506201647581,103.764305614552
Geylang East Public Library,recreation,"1.31744297942455,103.885837273218",1.31744297942455,103.885837273218
Jurong Regional Library,recreation,"1.33289451520808,103.739242870677",1.33289451520808,103.739242870677
Jurong West Public Library,recreation,"1.34063599253795,103.704512325533",1.34063599253795,103.704512325533
library@chinatown,recreation,"1.28526073700342,103.844942912669",1.28526073700342,103.844942912669
library@orchard,recreation,"1.30040819039694,103.839669047112",1.30040819039694,103.839669047112
Marine Parade Public Library,recreation,"1.30479881590908,103.909449777954",1.30479881590908,103.909449777954
Singapore Botanic Gardens' Library,recreation,"1.30844628214519,103.818190193768",1.30844628214519,103.818190193768
Tampines Regional Library,recreation,"1.35333197430091,103.940268994596",1.35333197430091,103.940268994596
Home Team Gallery,recreation,"1.37199999988044,103.722071000299",1.37199999988044,103.722071000299
IRAS Gallery,recreation,"1.31973617535171,103.842120525326",1.31973617535171,103.842120525326
Indian Heritage Centre,recreation,"1.30567376358469,103.852250362607",1.30567376358469,103.852250362607
Istana Heritage Gallery,recreation,"1.29946510663366,103.843390727531",1.29946510663366,103.843390727531
Land Transport Gallery,recreation,"1.30814390233743,103.849351369174",1.30814390233743,103.849351369174
Lee Kong Chian Natural History Museum,recreation,"1.30161799964392,103.773640000215",1.30161799964392,103.773640000215
Malay Heritage Centre,recreation,"1.30285771061427,103.85987591471",1.30285771061427,103.85987591471
Marina Barrage,recreation,"1.28087599264464,103.870820869792",1.28087599264464,103.870820869792
Ministry of Education Heritage Centre,recreation,"1.30357300014804,103.798230999789",1.30357300014804,103.798230999789
Mint Museum of Toys,recreation,"1.29629478565333,103.854646412148",1.29629478565333,103.854646412148
NEWater Visitor Centre,recreation,"1.324169452477,103.958693397917",1.324169452477,103.958693397917
NUS Baba House,recreation,"1.27706174444879,103.837362175454",1.27706174444879,103.837362175454
NUS Museum,recreation,"1.30143563171484,103.772467830059",1.30143563171484,103.772467830059
National Gallery Singapore,recreation,"1.28989697164605,103.851541988097",1.28989697164605,103.851541988097
National Healthcare Group Polyclinics' Gallery of Memories,recreation,"1.35203106458386,103.74764684501",1.35203106458386,103.74764684501
National Library Singapore,recreation,"1.29722592267748,103.854281790792",1.29722592267748,103.854281790792
National Museum of Singapore,recreation,"1.29672358952598,103.848504868789",1.29672358952598,103.848504868789
Ngee Ann Cultural Centre,recreation,"1.29529815511203,103.843449206248",1.29529815511203,103.843449206248
Peranakan Museum,recreation,"1.29425249918493,103.849147851428",1.29425249918493,103.849147851428
Police Heritage Centre,recreation,"1.32402565519916,103.84501954379",1.32402565519916,103.84501954379
Red Dot Design Museum,recreation,"1.28022800655307,103.856316031829",1.28022800655307,103.856316031829
Reflections at Bukit Chandu,recreation,"1.27954329665988,103.794241890607",1.27954329665988,103.794241890607
Republic of Singapore Airforce Museum,recreation,"1.34515552293767,103.899731855273",1.34515552293767,103.899731855273
Republic of Singapore Navy Museum,recreation,"1.31743499999456,104.016516000073",1.31743499999456,104.016516000073
Singapore Discovery Centre,recreation,"1.33272640807787,103.6789426775",1.33272640807787,103.6789426775
Science Centre Singapore,recreation,"1.33328436053137,103.736269714867",1.33328436053137,103.736269714867
Singapore Art Museum,recreation,"1.29724059894391,103.850948911553",1.29724059894391,103.850948911553
Singapore City Gallery,recreation,"1.27959285607286,103.845323045012",1.27959285607286,103.845323045012
Singapore Maritime Gallery,recreation,"1.27103899972427,103.863336999636",1.27103899972427,103.863336999636
Singapore Philatelic Museum,recreation,"1.29283255866067,103.848715823426",1.29283255866067,103.848715823426
Singapore Sports Museum,recreation,"1.30144200036259,103.873453000392",1.30144200036259,103.873453000392
Sun Yat Sen Nanyang Memorial Hall,recreation,"1.32810921164909,103.847217338702",1.32810921164909,103.847217338702
Tan Tock Seng Hospital Heritage Museum,recreation,"1.32168768725521,103.845940639249",1.32168768725521,103.845940639249
The Battle Box,recreation,"1.29550008741008,103.846163257411",1.29550008741008,103.846163257411
The Changi Museum,recreation,"1.36216665046189,103.974006793251",1.36216665046189,103.974006793251
The Grassroots Heritage Centre,recreation,"1.28291602383677,103.788143995983",1.28291602383677,103.788143995983
The Intan,recreation,"1.31448600026553,103.900967999697",1.31448600026553,103.900967999697
The Private Museum,recreation,"1.29808859920821,103.851454494149",1.29808859920821,103.851454494149
The SGH Museum,recreation,"1.28074432038722,103.835934763323",1.28074432038722,103.835934763323
Woodbridge Museum,recreation,"1.38306844679497,103.884992493203",1.38306844679497,103.884992493203
Army Museum of Singapore,recreation,"1.33190674082204,103.67681459535",1.33190674082204,103.67681459535
ArtScience Museum,recreation,"1.28627800020667,103.859233999576",1.28627800020667,103.859233999576
Asian Civilisations Museum,recreation,"1.28745998094124,103.851370888669",1.28745998094124,103.851370888669
BCA Gallery,recreation,"1.34440911498272,103.858550350197",1.34440911498272,103.858550350197
Chinatown Heritage Centre,recreation,"1.28357830609807,103.844377710425",1.28357830609807,103.844377710425
Chinese Heritage Centre,recreation,"1.34377901329634,103.683998529299",1.34377901329634,103.683998529299
Civil Defence Heritage Gallery,recreation,"1.29205335546359,103.849115130882",1.29205335546359,103.849115130882
Eurasian Heritage Centre,recreation,"1.31009900032616,103.899396999842",1.31009900032616,103.899396999842
Former Ford Factory,recreation,"1.35269172931273,103.768855250504",1.35269172931273,103.768855250504
Fort Siloso,recreation,"1.24834860338947,103.82795023941",1.24834860338947,103.82795023941
Fuk Tak Chi Museum,recreation,"1.28298149258632,103.848808942859",1.28298149258632,103.848808942859
Gan Heritage Centre,recreation,"1.27917700014319,103.84082300006",1.27917700014319,103.84082300006
Gem Museum,recreation,"1.29776577310231,103.849531821151",1.29776577310231,103.849531821151
HDB Gallery,recreation,"1.33226900033843,103.848838000312",1.33226900033843,103.848838000312
Kallang Sports Centre,recreation,"1.30529630300381,103.879604576327",1.30529630300381,103.879604576327
Katong Swimming Complex,recreation,"1.30210564041254,103.886081886713",1.30210564041254,103.886081886713
Pasir Ris Sports Centre,recreation,"1.37444845586245,103.95182250042",1.37444845586245,103.95182250042
Queenstown Sports Centre,recreation,"1.29672720043947,103.802435215916",1.29672720043947,103.802435215916
Sengkang Sports Centre,recreation,"1.39549658393931,103.885789255152",1.39549658393931,103.885789255152
Serangoon Sports Centre,recreation,"1.35594654934782,103.874383973531",1.35594654934782,103.874383973531
St Wilfrid Sports Complex,recreation,"1.32522689348828,103.861719012118",1.32522689348828,103.861719012118
Tampines Swimming Complex,recreation,"1.35429510351818,103.93963580414",1.35429510351818,103.93963580414
Toa Payoh Sports Centre,recreation,"1.33028646889072,103.851566352891",1.33028646889072,103.851566352891
Woodlands Sports Centre,recreation,"1.43489537703518,103.780306573729",1.43489537703518,103.780306573729
Yio Chu Kang Sports Centre,recreation,"1.3834708234938,103.845866608165",1.3834708234938,103.845866608165
Yishun Sports Centre,recreation,"1.41201836574556,103.83117739651",1.41201836574556,103.83117739651
Yishun Swimming Complex,recreation,"1.42406332292719,103.833692367151",1.42406332292719,103.833692367151
Ang Mo Kio Swimming Complex,recreation,"1.36307894845156,103.849851705062",1.36307894845156,103.849851705062
Bedok Sports Centre,recreation,"1.32638079784507,103.936716000861",1.32638079784507,103.936716000861
Bishan Sports Centre,recreation,"1.35528262760188,103.850922071159",1.35528262760188,103.850922071159
Bukit Batok Swimming Complex,recreation,"1.34433159736434,103.747954226702",1.34433159736434,103.747954226702
Bukit Gombak Sports Centre,recreation,"1.35979953687728,103.75217022107",1.35979953687728,103.75217022107
Burghley Squash and Tennis Centre,recreation,"1.35939081783085,103.860486528063",1.35939081783085,103.860486528063
Choa Chu Kang Sports Centre,recreation,"1.39066617204386,103.747920712445",1.39066617204386,103.747920712445
Clementi Sports Centre,recreation,"1.31101498462879,103.764861415667",1.31101498462879,103.764861415667
Clementi Stadium,recreation,"1.30976459874851,103.762488569953",1.30976459874851,103.762488569953
Delta Sports Centre,recreation,"1.2893742892013,103.820016552841",1.2893742892013,103.820016552841
Farrer Park Field,recreation,"1.31171149348533,103.849500514144",1.31171149348533,103.849500514144
Farrer Park Tennis Centre,recreation,"1.31171149348533,103.849500514144",1.31171149348533,103.849500514144
Geylang East Swimming Complex,recreation,"1.32095367310021,103.887659823397",1.32095367310021,103.887659823397
Geylang Field,recreation,"1.30983699500093,103.877503154652",1.30983699500093,103.877503154652
Hougang Sports Centre,recreation,"1.37057348785749,103.88807173322",1.37057348785749,103.88807173322
Jalan Besar Sports Centre,recreation,"1.31085491048578,103.859961717518",1.31085491048578,103.859961717518
Jurong East Sports Centre,recreation,"1.34685582634484,103.729175057307",1.34685582634484,103.729175057307
Jurong West Sports Centre,recreation,"1.33841806492775,103.69376890219",1.33841806492775,103.69376890219
Kallang Basin Swimming Complex,recreation,"1.32255951909401,103.872491018144",1.32255951909401,103.872491018144
ActiveSG Gym@Ang Mo Kio Community Centre,recreation,"1.36683348076669,103.840668130336",1.36683348076669,103.840668130336
ActiveSG Gym@Enabling Village,recreation,"1.28668026511187,103.813766346615",1.28668026511187,103.813766346615
ActiveSG Gym@Fernvale Square,recreation,"1.39142203528113,103.873115604064",1.39142203528113,103.873115604064
ActiveSG Gym@Serangoon Central,recreation,"1.35246731001924,103.872102771725",1.35246731001924,103.872102771725
ActiveSG Gym@Toa Payoh,recreation,"1.33750504672457,103.844905447177",1.33750504672457,103.844905447177
ActiveSG Gym@Toa Payoh West Community Centre,recreation,"1.3353827124599,103.844830875826",1.3353827124599,103.844830875826
ActiveSG Hockey Village @ Boon Lay,recreation,"1.34775854401013,103.711179884181",1.34775854401013,103.711179884181
ActiveSG Sport Village@Jurong Town,recreation,"1.33222922305494,103.720201118607",1.33222922305494,103.720201118607
Ang Mo Kio Swimming Complex,recreation,"1.36330227163263,103.849666754353",1.36330227163263,103.849666754353
Bedok Stadium,recreation,"1.32609867478951,103.938818760925",1.32609867478951,103.938818760925
Bishan Sport Centre,recreation,"1.35528262669744,103.850922078347",1.35528262669744,103.850922078347
Bishan Clubhouse,recreation,"1.3550750193035,103.849990451996",1.3550750193035,103.849990451996
Bukit Batok Swimming Complex,recreation,"1.34433159103382,103.747954227601",1.34433159103382,103.747954227601
Bukit Canberra Sport Centre,recreation,"1.44826336187663,103.822763637644",1.44826336187663,103.822763637644
Bukit Gombak Sport Centre,recreation,"1.35979953416425,103.752170222868",1.35979953416425,103.752170222868
Burghley Squash & Tennis Centre,recreation,"1.35939081059595,103.860486526266",1.35939081059595,103.860486526266
Choa Chu Kang Sport Centre,recreation,"1.39066617023504,103.74792070975",1.39066617023504,103.74792070975
Clementi Sport Centre,recreation,"1.3110149773938,103.764861412972",1.3110149773938,103.764861412972
Clementi Stadium,recreation,"1.30967486413142,103.762488576067",1.30967486413142,103.762488576067
Delta Sport Centre,recreation,"1.28918219836408,103.819992906032",1.28918219836408,103.819992906032
Geylang East Swimming Complex,recreation,"1.32097767423067,103.887650375643",1.32097767423067,103.887650375643
Heartbeat@Bedok ActiveSG Sport Centre,recreation,"1.32698498848449,103.931620621577",1.32698498848449,103.931620621577
Hougang Sport Centre,recreation,"1.3705734851444,103.88807173322",1.3705734851444,103.88807173322
Jalan Besar Sport Centre,recreation,"1.31085490234655,103.859961713025",1.31085490234655,103.859961713025
Jurong East Sport Centre,recreation,"1.34621560865382,103.728835257122",1.34621560865382,103.728835257122
Jurong Lake Gardens ActiveSG Gym & Pool,recreation,"1.33050511056726,103.72564386067",1.33050511056726,103.72564386067
Jurong West Sport Centre,recreation,"1.33841806131036,103.693768903089",1.33841806131036,103.693768903089
Kallang Basin Swimming Complex,recreation,"1.32255951095461,103.872491025333",1.32255951095461,103.872491025333
Kallang Sport Centre,recreation,"1.30565165875547,103.878755652948",1.30565165875547,103.878755652948
Katong Swimming Complex,recreation,"1.30210563408213,103.886081879524",1.30210563408213,103.886081879524
MOE (Evans),recreation,"1.3184618711116,103.819071159688",1.3184618711116,103.819071159688
Tampines Sport Centre,recreation,"1.35349615471813,103.939683594446",1.35349615471813,103.939683594446
Pasir Ris Sport Centre,recreation,"1.37444845586213,103.95182250671",1.37444845586213,103.95182250671
Queenstown Sport Centre,recreation,"1.29680033222073,103.802388516812",1.29680033222073,103.802388516812
Sengkang Sport Centre,recreation,"1.39546568752975,103.885777121845",1.39546568752975,103.885777121845
Senja-Cashew Sport Centre,recreation,"1.38158679008906,103.76465958417",1.38158679008906,103.76465958417
Serangoon Sport Centre,recreation,"1.35703898057386,103.874593862669",1.35703898057386,103.874593862669
St. Wilfred Sport Centre,recreation,"1.32522688173154,103.861719013017",1.32522688173154,103.861719013017
Toa Payoh Sport Centre,recreation,"1.33060009023707,103.849986784647",1.33060009023707,103.849986784647
Woodlands SC,recreation,"1.43489537884401,103.780306578222",1.43489537884401,103.780306578222
Yan Kit Playfield,recreation,"1.27632290858823,103.842195029496",1.27632290858823,103.842195029496
Yio Chu Kang Sport Centre,recreation,"1.38227243839845,103.845767851183",1.38227243839845,103.845767851183
Yishun Sport Centre,recreation,"1.4120183648412,103.831177400105",1.4120183648412,103.831177400105
Yishun Swimming Complex,recreation,"1.42406331840536,103.833692367151",1.42406331840536,103.833692367151
WATERWAY PRIMARY SCHOOL,recreation,"1.39972632662651,103.9183464746",1.39972632662651,103.9183464746
WELLINGTON PRIMARY SCHOOL,recreation,"1.45210136674244,103.822284926512",1.45210136674244,103.822284926512
WEST GROVE PRIMARY SCHOOL,recreation,"1.34471212042596,103.698964208529",1.34471212042596,103.698964208529
WEST SPRING SECONDARY SCHOOL,recreation,"1.38782283037569,103.760128844415",1.38782283037569,103.760128844415
WEST VIEW PRIMARY SCHOOL,recreation,"1.38408830554919,103.760174576141",1.38408830554919,103.760174576141
WESTWOOD PRIMARY SCHOOL,recreation,"1.3477109600675,103.700467523491",1.3477109600675,103.700467523491
WESTWOOD SECONDARY SCHOOL,recreation,"1.35352612611352,103.701604299146",1.35352612611352,103.701604299146
WOODGROVE PRIMARY SCHOOL,recreation,"1.43273620728031,103.790230320105",1.43273620728031,103.790230320105
WOODGROVE SECONDARY SCHOOL,recreation,"1.42831827209743,103.79604758957",1.42831827209743,103.79604758957
WOODLANDS PRIMARY SCHOOL,recreation,"1.43655108638177,103.791570552535",1.43655108638177,103.791570552535
WOODLANDS RING PRIMARY SCHOOL,recreation,"1.43485179308054,103.79741434403",1.43485179308054,103.79741434403
WOODLANDS SECONDARY SCHOOL,recreation,"1.43918331246939,103.774498791356",1.43918331246939,103.774498791356
XINGHUA PRIMARY SCHOOL,recreation,"1.35799652865987,103.890216359076",1.35799652865987,103.890216359076
XINGNAN PRIMARY SCHOOL,recreation,"1.34270639010076,103.687588480238",1.34270639010076,103.687588480238
YANGZHENG PRIMARY SCHOOL,recreation,"1.34897202017145,103.868362530945",1.34897202017145,103.868362530945
YIO CHU KANG PRIMARY SCHOOL,recreation,"1.3778227015602,103.885568719306",1.3778227015602,103.885568719306
YIO CHU KANG SECONDARY SCHOOL,recreation,"1.37826334342741,103.841809451457",1.37826334342741,103.841809451457
YISHUN PRIMARY SCHOOL,recreation,"1.43351074516995,103.833920427443",1.43351074516995,103.833920427443
YISHUN SECONDARY SCHOOL,recreation,"1.42813323969096,103.828764326326",1.42813323969096,103.828764326326
YISHUN TOWN SECONDARY SCHOOL,recreation,"1.43260423601354,103.838011673961",1.43260423601354,103.838011673961
YU NENG PRIMARY SCHOOL,recreation,"1.33398037512048,103.932015039162",1.33398037512048,103.932015039162
YUAN CHING SECONDARY SCHOOL,recreation,"1.34189186893549,103.720630796363",1.34189186893549,103.720630796363
PUNGGOL SECONDARY SCHOOL,recreation,"1.40212628511678,103.909119270608",1.40212628511678,103.909119270608
PUNGGOL VIEW PRIMARY SCHOOL,recreation,"1.40514581676359,103.905156375342",1.40514581676359,103.905156375342
QIFA PRIMARY SCHOOL,recreation,"1.31326582739368,103.756629104605",1.31326582739368,103.756629104605
QIHUA PRIMARY SCHOOL,recreation,"1.44203596377394,103.788339765743",1.44203596377394,103.788339765743
QUEENSTOWN PRIMARY SCHOOL,recreation,"1.2955936495118,103.807548622399",1.2955936495118,103.807548622399
QUEENSTOWN SECONDARY SCHOOL,recreation,"1.29353328836811,103.813175479088",1.29353328836811,103.813175479088
QUEENSWAY SECONDARY SCHOOL,recreation,"1.30047516006655,103.80172361977",1.30047516006655,103.80172361977
RADIN MAS PRIMARY SCHOOL,recreation,"1.27499032183412,103.824087256908",1.27499032183412,103.824087256908
RAFFLES GIRLS' PRIMARY SCHOOL,recreation,"1.33007391902097,103.806221339658",1.33007391902097,103.806221339658
RED SWASTIKA SCHOOL,recreation,"1.33405658766319,103.934317535825",1.33405658766319,103.934317535825
REGENT SECONDARY SCHOOL,recreation,"1.39309407833931,103.750685563478",1.39309407833931,103.750685563478
RIVER VALLEY PRIMARY SCHOOL,recreation,"1.29422328504594,103.835815169235",1.29422328504594,103.835815169235
RIVERSIDE SECONDARY SCHOOL,recreation,"1.44110157030969,103.788308243319",1.44110157030969,103.788308243319
RIVERVALE PRIMARY SCHOOL,recreation,"1.39333505540306,103.90454526131",1.39333505540306,103.90454526131
YUHUA PRIMARY SCHOOL,recreation,"1.34291980808753,103.740861154255",1.34291980808753,103.740861154255
YUHUA SECONDARY SCHOOL,recreation,"1.34721844463787,103.722581523264",1.34721844463787,103.722581523264
YUMIN PRIMARY SCHOOL,recreation,"1.35129177418852,103.950461928601",1.35129177418852,103.950461928601
YUYING SECONDARY SCHOOL,recreation,"1.3571359454974,103.890194756326",1.3571359454974,103.890194756326
ZHANGDE PRIMARY SCHOOL,recreation,"1.28421152765218,103.825951882856",1.28421152765218,103.825951882856
ZHENGHUA PRIMARY SCHOOL,recreation,"1.37972099996079,103.769118504749",1.37972099996079,103.769118504749
ZHONGHUA PRIMARY SCHOOL,recreation,"1.36016672633137,103.869695919226",1.36016672633137,103.869695919226
PUNGGOL GREEN PRIMARY SCHOOL,recreation,"1.4015297058919,103.898475673408",1.4015297058919,103.898475673408
RULANG PRIMARY SCHOOL,recreation,"1.34673868709725,103.718457957462",1.34673868709725,103.718457957462
SEMBAWANG PRIMARY SCHOOL,recreation,"1.44504363840197,103.821021512346",1.44504363840197,103.821021512346
SEMBAWANG SECONDARY SCHOOL,recreation,"1.44531501399694,103.816843259007",1.44531501399694,103.816843259007
SENG KANG PRIMARY SCHOOL,recreation,"1.38925044856852,103.89952787396",1.38925044856852,103.89952787396
SENG KANG SECONDARY SCHOOL,recreation,"1.38659682785745,103.898365040967",1.38659682785745,103.898365040967
SENGKANG GREEN PRIMARY SCHOOL,recreation,"1.39254009139246,103.874984873995",1.39254009139246,103.874984873995
SERANGOON GARDEN SECONDARY SCHOOL,recreation,"1.36989047955137,103.869149725622",1.36989047955137,103.869149725622
SHUQUN PRIMARY SCHOOL,recreation,"1.34760285121628,103.72145953368",1.34760285121628,103.72145953368
SINGAPORE CHINESE GIRLS' PRIMARY SCHOOL,recreation,"1.32080724451075,103.827744755067",1.32080724451075,103.827744755067
SOUTH VIEW PRIMARY SCHOOL,recreation,"1.38166663687807,103.746275849677",1.38166663687807,103.746275849677
SPECTRA SECONDARY SCHOOL,recreation,"1.43703750160709,103.804100475102",1.43703750160709,103.804100475102
SPRINGFIELD SECONDARY SCHOOL,recreation,"1.34957562959866,103.930218343292",1.34957562959866,103.930218343292
ST. ANTHONY'S PRIMARY SCHOOL,recreation,"1.36411948159818,103.749251928027",1.36411948159818,103.749251928027
ST. GABRIEL'S SECONDARY SCHOOL,recreation,"1.34664416093473,103.875734247561",1.34664416093473,103.875734247561
ST. PATRICKS' SCHOOL,recreation,"1.30801785903954,103.917461758123",1.30801785903954,103.917461758123
SWISS COTTAGE SECONDARY SCHOOL,recreation,"1.36471741879243,103.750396141326",1.36471741879243,103.750396141326
TAMPINES MERIDIAN JUNIOR COLLEGE,recreation,"1.37633345942324,103.936990728651",1.37633345942324,103.936990728651
TAMPINES NORTH PRIMARY SCHOOL,recreation,"1.36047640828865,103.948725785291",1.36047640828865,103.948725785291
TAMPINES SECONDARY SCHOOL,recreation,"1.34943479795788,103.943989104713",1.34943479795788,103.943989104713
TANJONG KATONG SECONDARY SCHOOL,recreation,"1.3087351555554,103.897225202611",1.3087351555554,103.897225202611
TAO NAN SCHOOL,recreation,"1.30504069229904,103.911132932576",1.30504069229904,103.911132932576
TECK GHEE PRIMARY SCHOOL,recreation,"1.36558781349803,103.850957132457",1.36558781349803,103.850957132457
TECK WHYE PRIMARY SCHOOL,recreation,"1.38364996034484,103.753291862987",1.38364996034484,103.753291862987
TELOK KURAU PRIMARY SCHOOL,recreation,"1.33104584975536,103.910934018611",1.33104584975536,103.910934018611
TEMASEK PRIMARY SCHOOL,recreation,"1.31768524916778,103.945505091802",1.31768524916778,103.945505091802
TEMASEK SECONDARY SCHOOL,recreation,"1.31577097619921,103.94714754817",1.31577097619921,103.94714754817
TOWNSVILLE PRIMARY SCHOOL,recreation,"1.35994649059981,103.853769003908",1.35994649059981,103.853769003908
UNITY PRIMARY SCHOOL,recreation,"1.40278302493017,103.746801238749",1.40278302493017,103.746801238749
UNITY SECONDARY SCHOOL,recreation,"1.39966040605019,103.74588280003",1.39966040605019,103.74588280003
BOWEN SECONDARY SCHOOL,recreation,"1.37075106852495,103.877459040728",1.37075106852495,103.877459040728
BROADRICK SECONDARY SCHOOL,recreation,"1.3075053768049,103.886675425871",1.3075053768049,103.886675425871
BUKIT MERAH SECONDARY SCHOOL,recreation,"1.28575153502273,103.813208366669",1.28575153502273,103.813208366669
BUKIT PANJANG GOVT. HIGH SCHOOL,recreation,"1.38213671617123,103.738134427535",1.38213671617123,103.738134427535
BUKIT PANJANG PRIMARY SCHOOL,recreation,"1.37347218340655,103.769317490673",1.37347218340655,103.769317490673
BUKIT VIEW SECONDARY SCHOOL,recreation,"1.34573305255726,103.752226603195",1.34573305255726,103.752226603195
CANBERRA PRIMARY SCHOOL,recreation,"1.45081993654492,103.815714100524",1.45081993654492,103.815714100524
CANBERRA SECONDARY SCHOOL,recreation,"1.45319085896921,103.814203590984",1.45319085896921,103.814203590984
CANTONMENT PRIMARY SCHOOL,recreation,"1.27550543283121,103.839922732303",1.27550543283121,103.839922732303
CASUARINA PRIMARY SCHOOL,recreation,"1.37246062968443,103.957020296289",1.37246062968443,103.957020296289
CATHOLIC HIGH SCHOOL,recreation,"1.35470512304029,103.844204239815",1.35470512304029,103.844204239815
CEDAR PRIMARY SCHOOL,recreation,"1.33567362933667,103.875206889422",1.33567362933667,103.875206889422
CHANGKAT CHANGI SECONDARY SCHOOL,recreation,"1.34036113669139,103.95272509563",1.34036113669139,103.95272509563
CHANGKAT PRIMARY SCHOOL,recreation,"1.34023163368506,103.952080121855",1.34023163368506,103.952080121855
CHIJ ST. JOSEPH'S CONVENT,recreation,"1.39175222216011,103.90246499335",1.39175222216011,103.90246499335
CHIJ ST. THERESA'S CONVENT,recreation,"1.27602924759749,103.822343906192",1.27602924759749,103.822343906192
CHONGFU SCHOOL,recreation,"1.43846230600156,103.839070713371",1.43846230600156,103.839070713371
CHONGZHENG PRIMARY SCHOOL,recreation,"1.35059476384096,103.951225251842",1.35059476384096,103.951225251842
CHRIST CHURCH SECONDARY SCHOOL,recreation,"1.42646096810519,103.792975124237",1.42646096810519,103.792975124237
CHUA CHU KANG PRIMARY SCHOOL,recreation,"1.37760827794271,103.741270446142",1.37760827794271,103.741270446142
CHUA CHU KANG SECONDARY SCHOOL,recreation,"1.38319028648387,103.751878300347",1.38319028648387,103.751878300347
CHUNG CHENG HIGH SCHOOL (MAIN),recreation,"1.30483556761957,103.890712781627",1.30483556761957,103.890712781627
KRANJI SECONDARY SCHOOL,recreation,"1.39004038546376,103.741091103306",1.39004038546376,103.741091103306
KUO CHUAN PRESBYTERIAN PRIMARY SCHOOL,recreation,"1.34931014033893,103.854300287949",1.34931014033893,103.854300287949
KUO CHUAN PRESBYTERIAN SECONDARY SCHOOL,recreation,"1.35010964660195,103.854891669663",1.35010964660195,103.854891669663
LAKESIDE PRIMARY SCHOOL,recreation,"1.33837570073769,103.718050542217",1.33837570073769,103.718050542217
LIANHUA PRIMARY SCHOOL,recreation,"1.35416293701933,103.754130183509",1.35416293701933,103.754130183509
LOYANG VIEW SECONDARY SCHOOL,recreation,"1.36658416599716,103.956944588188",1.36658416599716,103.956944588188
MANJUSRI SECONDARY SCHOOL,recreation,"1.32754415222466,103.901454396931",1.32754415222466,103.901454396931
MARSILING PRIMARY SCHOOL,recreation,"1.43392875572047,103.773637076766",1.43392875572047,103.773637076766
MARSILING SECONDARY SCHOOL,recreation,"1.43664424716597,103.776008100347",1.43664424716597,103.776008100347
MAYFLOWER SECONDARY SCHOOL,recreation,"1.36827265583353,103.835360734101",1.36827265583353,103.835360734101
MEE TOH SCHOOL,recreation,"1.39485356074373,103.908572579102",1.39485356074373,103.908572579102
MERIDIAN PRIMARY SCHOOL,recreation,"1.37557115220358,103.934878620652",1.37557115220358,103.934878620652
MERIDIAN SECONDARY SCHOOL,recreation,"1.36724684009191,103.948972488695",1.36724684009191,103.948972488695
METHODIST GIRLS' SCHOOL (PRIMARY),recreation,"1.33292998148558,103.782962652767",1.33292998148558,103.782962652767
NAN CHIAU HIGH SCHOOL,recreation,"1.38879581816186,103.890004427329",1.38879581816186,103.890004427329
NAN HUA HIGH SCHOOL,recreation,"1.30809529338934,103.768561456482",1.30809529338934,103.768561456482
NANYANG PRIMARY SCHOOL,recreation,"1.32107093432726,103.807681862923",1.32107093432726,103.807681862923
NATIONAL JUNIOR COLLEGE,recreation,"1.33029290924688,103.804110914681",1.33029290924688,103.804110914681
NAVAL BASE SECONDARY SCHOOL,recreation,"1.41924528522298,103.831044093128",1.41924528522298,103.831044093128
NEW TOWN PRIMARY SCHOOL,recreation,"1.29981137885227,103.799964820026",1.29981137885227,103.799964820026
NEW TOWN SECONDARY SCHOOL,recreation,"1.30977589077101,103.773188642353",1.30977589077101,103.773188642353
NORTH SPRING PRIMARY SCHOOL,recreation,"1.38707582251053,103.903088574402",1.38707582251053,103.903088574402
NORTH VISTA PRIMARY SCHOOL,recreation,"1.38289338757827,103.895854166893",1.38289338757827,103.895854166893
NORTH VISTA SECONDARY SCHOOL,recreation,"1.38125200900843,103.898926888759",1.38125200900843,103.898926888759
NORTHBROOKS SECONDARY SCHOOL,recreation,"1.42088101738226,103.845060259965",1.42088101738226,103.845060259965
NORTHLAND PRIMARY SCHOOL,recreation,"1.42130403604566,103.840792918042",1.42130403604566,103.840792918042
NORTHLAND SECONDARY SCHOOL,recreation,"1.43573961657428,103.840104689868",1.43573961657428,103.840104689868
NORTHOAKS PRIMARY SCHOOL,recreation,"1.45666687016692,103.813610017796",1.45666687016692,103.813610017796
NATIONAL UNIVERSITY OF SINGAPORE,recreation,"1.30132730954797,103.774277259655",1.30132730954797,103.774277259655
OASIS PRIMARY SCHOOL,recreation,"1.40445950981879,103.910896598347",1.40445950981879,103.910896598347
OPERA ESTATE PRIMARY SCHOOL,recreation,"1.31996874466493,103.923752666928",1.31996874466493,103.923752666928
ORCHID PARK SECONDARY SCHOOL,recreation,"1.41532032260402,103.837859247645",1.41532032260402,103.837859247645
PALM VIEW PRIMARY SCHOOL,recreation,"1.38384075009706,103.891215114379",1.38384075009706,103.891215114379
PARK VIEW PRIMARY SCHOOL,recreation,"1.37801686626223,103.939202185055",1.37801686626223,103.939202185055
PASIR RIS CREST SECONDARY SCHOOL,recreation,"1.37234390542994,103.959362585115",1.37234390542994,103.959362585115
PASIR RIS SECONDARY SCHOOL,recreation,"1.35463956375295,103.948614680725",1.35463956375295,103.948614680725
PEI HWA SECONDARY SCHOOL,recreation,"1.39037504778675,103.878461752578",1.39037504778675,103.878461752578
PEI TONG PRIMARY SCHOOL,recreation,"1.31666528961491,103.767439007723",1.31666528961491,103.767439007723
PEICAI SECONDARY SCHOOL,recreation,"1.35951582441295,103.870010755453",1.35951582441295,103.870010755453
PEIRCE SECONDARY SCHOOL,recreation,"1.36613167574689,103.829910359682",1.36613167574689,103.829910359682
PEIYING PRIMARY SCHOOL,recreation,"1.41741627234722,103.83014321423",1.41741627234722,103.83014321423
PIONEER PRIMARY SCHOOL,recreation,"1.33902264327629,103.687769627764",1.33902264327629,103.687769627764
POI CHING SCHOOL,recreation,"1.35785729318081,103.935117151801",1.35785729318081,103.935117151801
PRINCESS ELIZABETH PRIMARY SCHOOL,recreation,"1.34942618234665,103.740307582972",1.34942618234665,103.740307582972
CHUNG CHENG HIGH SCHOOL (YISHUN),recreation,"1.41874602609954,103.837319297611",1.41874602609954,103.837319297611
CLEMENTI PRIMARY SCHOOL,recreation,"1.31505730329211,103.762966678587",1.31505730329211,103.762966678587
CLEMENTI TOWN SECONDARY SCHOOL,recreation,"1.31553912231026,103.762020599028",1.31553912231026,103.762020599028
COMMONWEALTH SECONDARY SCHOOL,recreation,"1.31920395649724,103.745637392739",1.31920395649724,103.745637392739
COMPASSVALE PRIMARY SCHOOL,recreation,"1.39444528620532,103.897812237868",1.39444528620532,103.897812237868
COMPASSVALE SECONDARY SCHOOL,recreation,"1.39614082936442,103.899847169808",1.39614082936442,103.899847169808
CONCORD PRIMARY SCHOOL,recreation,"1.38028948007217,103.736185601339",1.38028948007217,103.736185601339
CORPORATION PRIMARY SCHOOL,recreation,"1.3514854805705,103.707578404976",1.3514854805705,103.707578404976
CRESCENT GIRLS' SCHOOL,recreation,"1.29331946616836,103.817544466321",1.29331946616836,103.817544466321
CREST SECONDARY SCHOOL,recreation,"1.3435550149546,103.742543057668",1.3435550149546,103.742543057668
DAMAI SECONDARY SCHOOL,recreation,"1.3375454782513,103.926417065716",1.3375454782513,103.926417065716
DAZHONG PRIMARY SCHOOL,recreation,"1.35906257279009,103.748122257008",1.35906257279009,103.748122257008
DEYI SECONDARY SCHOOL,recreation,"1.36734741315475,103.85193612136",1.36734741315475,103.85193612136
DUNEARN SECONDARY SCHOOL,recreation,"1.36357900165575,103.744721094248",1.36357900165575,103.744721094248
DUNMAN HIGH SCHOOL,recreation,"1.29912529891553,103.882861743815",1.29912529891553,103.882861743815
DUNMAN SECONDARY SCHOOL,recreation,"1.36054750379339,103.95620728188",1.36054750379339,103.95620728188
EAST SPRING PRIMARY SCHOOL,recreation,"1.35268399765021,103.961676850759",1.35268399765021,103.961676850759
EAST SPRING SECONDARY SCHOOL,recreation,"1.35622508531525,103.960640702696",1.35622508531525,103.960640702696
EDGEFIELD PRIMARY SCHOOL,recreation,"1.40029782637613,103.907430530014",1.40029782637613,103.907430530014
EDGEFIELD SECONDARY SCHOOL,recreation,"1.40017928458071,103.902141222797",1.40017928458071,103.902141222797
ELIAS PARK PRIMARY SCHOOL,recreation,"1.37451269283664,103.945128122617",1.37451269283664,103.945128122617
ENDEAVOUR PRIMARY SCHOOL,recreation,"1.45388169944705,103.817174707705",1.45388169944705,103.817174707705
EUNOIA JUNIOR COLLEGE,recreation,"1.36245429335595,103.840484013147",1.36245429335595,103.840484013147
EVERGREEN PRIMARY SCHOOL,recreation,"1.44414835802748,103.794545292206",1.44414835802748,103.794545292206
EVERGREEN SECONDARY SCHOOL,recreation,"1.44122083312728,103.793771502919",1.44122083312728,103.793771502919
FAIRFIELD METHODIST SCHOOL (PRIMARY),recreation,"1.30054081476573,103.785438272848",1.30054081476573,103.785438272848
FAIRFIELD METHODIST SCHOOL (SECONDARY),recreation,"1.30163373590461,103.784099650716",1.30163373590461,103.784099650716
FENGSHAN PRIMARY SCHOOL,recreation,"1.32980597876651,103.931710297346",1.32980597876651,103.931710297346
FERN GREEN PRIMARY SCHOOL,recreation,"1.39788001238734,103.880016906327",1.39788001238734,103.880016906327
FERNVALE PRIMARY SCHOOL,recreation,"1.38966307509912,103.874088587668",1.38966307509912,103.874088587668
FIRST TOA PAYOH PRIMARY SCHOOL,recreation,"1.34032298636523,103.855529910499",1.34032298636523,103.855529910499
FRONTIER PRIMARY SCHOOL,recreation,"1.33721399803616,103.69967112943",1.33721399803616,103.69967112943
FUCHUN SECONDARY SCHOOL,recreation,"1.43083398256903,103.777148000655",1.43083398256903,103.777148000655
FUHUA PRIMARY SCHOOL,recreation,"1.33659726291149,103.736089483616",1.33659726291149,103.736089483616
FUHUA SECONDARY SCHOOL,recreation,"1.34701408548751,103.726520907131",1.34701408548751,103.726520907131
GAN ENG SENG PRIMARY SCHOOL,recreation,"1.28595539227172,103.815228209369",1.28595539227172,103.815228209369
GAN ENG SENG SECONDARY SCHOOL,recreation,"1.28907113761112,103.823733672683",1.28907113761112,103.823733672683
GONGSHANG PRIMARY SCHOOL,recreation,"1.35753800236032,103.948839748185",1.35753800236032,103.948839748185
GREENDALE PRIMARY SCHOOL,recreation,"1.396481941634,103.912334624973",1.396481941634,103.912334624973
GREENRIDGE PRIMARY SCHOOL,recreation,"1.38588921711995,103.767794478943",1.38588921711995,103.767794478943
GREENRIDGE SECONDARY SCHOOL,recreation,"1.37556538638884,103.763881903479",1.37556538638884,103.763881903479
GREENWOOD PRIMARY SCHOOL,recreation,"1.44011048300409,103.804515188874",1.44011048300409,103.804515188874
HAI SING CATHOLIC SCHOOL,recreation,"1.36930602350171,103.962693413977",1.36930602350171,103.962693413977
HAIG GIRLS' SCHOOL,recreation,"1.31177205668856,103.902655500665",1.31177205668856,103.902655500665
HENRY PARK PRIMARY SCHOOL,recreation,"1.31674734233106,103.784129855405",1.31674734233106,103.784129855405
HILLGROVE SECONDARY SCHOOL,recreation,"1.35307526238931,103.752786112799",1.35307526238931,103.752786112799
HOLY INNOCENT'S HIGH SCHOOL,recreation,"1.37121505615529,103.896026609163",1.37121505615529,103.896026609163
HOLY INNOCENTS' PRIMARY SCHOOL,recreation,"1.36673783951214,103.893684157024",1.36673783951214,103.893684157024
HORIZON PRIMARY SCHOOL,recreation,"1.40022484204635,103.91289982723",1.40022484204635,103.91289982723
HOUGANG PRIMARY SCHOOL,recreation,"1.37738245260257,103.880805284331",1.37738245260257,103.880805284331
HOUGANG SECONDARY SCHOOL,recreation,"1.37815587736238,103.881871600462",1.37815587736238,103.881871600462
HUA YI SECONDARY SCHOOL,recreation,"1.35235629433858,103.721726599128",1.35235629433858,103.721726599128
HUAMIN PRIMARY SCHOOL,recreation,"1.42730132087357,103.84409112478",1.42730132087357,103.84409112478
INNOVA PRIMARY SCHOOL,recreation,"1.42918458420693,103.790557064386",1.42918458420693,103.790557064386
JIEMIN PRIMARY SCHOOL,recreation,"1.42760610678515,103.83040109983",1.42760610678515,103.83040109983
JUNYUAN PRIMARY SCHOOL,recreation,"1.34805283698186,103.939026813589",1.34805283698186,103.939026813589
JUNYUAN SECONDARY SCHOOL,recreation,"1.35334123825347,103.933411376807",1.35334123825347,103.933411376807
JURONG PIONEER JUNIOR COLLEGE,recreation,"1.38460948616242,103.753932805047",1.38460948616242,103.753932805047
JURONG SECONDARY SCHOOL,recreation,"1.33002031979387,103.72395296456",1.33002031979387,103.72395296456
JURONG WEST PRIMARY SCHOOL,recreation,"1.33971272279371,103.698743609854",1.33971272279371,103.698743609854
JURONG WEST SECONDARY SCHOOL,recreation,"1.33525634401337,103.702098135881",1.33525634401337,103.702098135881
JURONGVILLE SECONDARY SCHOOL,recreation,"1.35128862571465,103.72890771733",1.35128862571465,103.72890771733
JUYING SECONDARY SCHOOL,recreation,"1.3381788275641,103.687206511282",1.3381788275641,103.687206511282
KEMING PRIMARY SCHOOL,recreation,"1.34506349757833,103.755923235217",1.34506349757833,103.755923235217
KENT RIDGE SECONDARY SCHOOL,recreation,"1.30122772549231,103.764889623507",1.30122772549231,103.764889623507
KRANJI PRIMARY SCHOOL,recreation,"1.39369034398469,103.746831753144",1.39369034398469,103.746831753144
ADMIRALTY PRIMARY SCHOOL,recreation,"1.4426347888899,103.800040125264",1.4426347888899,103.800040125264
AHMAD IBRAHIM PRIMARY SCHOOL,recreation,"1.43341408405565,103.83275047702",1.43341408405565,103.83275047702
AHMAD IBRAHIM SECONDARY SCHOOL,recreation,"1.4360597450511,103.829718693771",1.4360597450511,103.829718693771
AI TONG SCHOOL,recreation,"1.36058342196925,103.833020343602",1.36058342196925,103.833020343602
ANCHOR GREEN PRIMARY SCHOOL,recreation,"1.39099731812827,103.886918037283",1.39099731812827,103.886918037283
ANDERSON SECONDARY SCHOOL,recreation,"1.37424218597029,103.851429962258",1.37424218597029,103.851429962258
ANG MO KIO PRIMARY SCHOOL,recreation,"1.36909205907667,103.839041362325",1.36909205907667,103.839041362325
ANG MO KIO SECONDARY SCHOOL,recreation,"1.36733709541071,103.842154976722",1.36733709541071,103.842154976722
ANGLO-CHINESE SCHOOL (BARKER ROAD),recreation,"1.31945060052388,103.835698466708",1.31945060052388,103.835698466708
ANGLO-CHINESE SCHOOL (PRIMARY),recreation,"1.31871859722519,103.835345176164",1.31871859722519,103.835345176164
BARTLEY SECONDARY SCHOOL,recreation,"1.34001741417171,103.882455034534",1.34001741417171,103.882455034534
BEACON PRIMARY SCHOOL,recreation,"1.38394935677949,103.773632026583",1.38394935677949,103.773632026583
BEATTY SECONDARY SCHOOL,recreation,"1.34179050418725,103.852064867124",1.34179050418725,103.852064867124
BEDOK GREEN PRIMARY SCHOOL,recreation,"1.32399626718811,103.937745022689",1.32399626718811,103.937745022689
BEDOK GREEN SECONDARY SCHOOL,recreation,"1.33451947003075,103.935028391542",1.33451947003075,103.935028391542
BEDOK SOUTH SECONDARY SCHOOL,recreation,"1.32565340732723,103.950621243051",1.32565340732723,103.950621243051
BEDOK VIEW SECONDARY SCHOOL,recreation,"1.32399939547898,103.943475227247",1.32399939547898,103.943475227247
BENDEMEER PRIMARY SCHOOL,recreation,"1.32254495786817,103.864715971928",1.32254495786817,103.864715971928
BENDEMEER SECONDARY SCHOOL,recreation,"1.32434842272038,103.860518359299",1.32434842272038,103.860518359299
BLANGAH RISE PRIMARY SCHOOL,recreation,"1.27612799949631,103.808594151791",1.27612799949631,103.808594151791
BOON LAY GARDEN PRIMARY SCHOOL,recreation,"1.34284012809549,103.712858388742",1.34284012809549,103.712858388742
BOON LAY SECONDARY SCHOOL,recreation,"1.3432237168212,103.701702922479",1.3432237168212,103.701702922479
Nee Soon Central SIP,recreation,"1.42014040338601,103.839692519651",1.42014040338601,103.839692519651
Gek Poh SIP,recreation,"1.34615520638865,103.7011693753",1.34615520638865,103.7011693753
Boon Lay SIP P1,recreation,"1.34505772559095,103.710699803438",1.34505772559095,103.710699803438
Taman Jurong SIP,recreation,"1.32861633109507,103.721651424528",1.32861633109507,103.721651424528
Buona Vista SIP,recreation,"1.30491205700066,103.798063946817",1.30491205700066,103.798063946817
Sembawang SIP,recreation,"1.45288239432314,103.821431880529",1.45288239432314,103.821431880529
Punggol East SIP,recreation,"1.3878551164251,103.908392906293",1.3878551164251,103.908392906293
Woodlands SIP,recreation,"1.43888613892336,103.802364772691",1.43888613892336,103.802364772691
Bukit Batok SIP,recreation,"1.35110319024558,103.744169900277",1.35110319024558,103.744169900277
Boon Lay SIP P2,recreation,"1.34725100107517,103.710014462834",1.34725100107517,103.710014462834
Jurong Spring SIP,recreation,"1.35419820626522,103.717344064265",1.35419820626522,103.717344064265
Gateway Theatre,recreation,"1.28397484080993,103.816599261365",1.28397484080993,103.816599261365
Bukit Timah Community Club Mini-Theatre,recreation,"1.34053435387976,103.771576333884",1.34053435387976,103.771576333884
UCC Theatre,recreation,"1.30167503738532,103.772008157404",1.30167503738532,103.772008157404
Nanyang Community Club Mini Theatre,recreation,"1.3423640283979,103.692320231917",1.3423640283979,103.692320231917
Boon Lay Community Club Mini Theatre,recreation,"1.34832322532679,103.711380186479",1.34832322532679,103.711380186479
Kallang Theatre,recreation,"1.30188697320332,103.875642976533",1.30188697320332,103.875642976533
Pek Kio Community Centre Performing Theatre,recreation,"1.31305864843728,103.851373846882",1.31305864843728,103.851373846882
Theatre@illuminITE College Central,recreation,"1.37789203173292,103.856411986641",1.37789203173292,103.856411986641
Nanyang Polytechnic Theatre for the Arts,recreation,"1.38034090667762,103.848083335838",1.38034090667762,103.848083335838
The Theatre at Mediacorp,recreation,"1.29514544550044,103.792063558512",1.29514544550044,103.792063558512
UCC Hall,recreation,"1.30167503738532,103.772008157404",1.30167503738532,103.772008157404
Toa Payoh Central Amphitheatre,recreation,"1.33493451709456,103.850204545922",1.33493451709456,103.850204545922
The Serangoon CC Mini Theatre,recreation,"1.37005486240283,103.873927617452",1.37005486240283,103.873927617452
Braddell Heights Community Club mini-theatre,recreation,"1.35161224552733,103.8703678757",1.35161224552733,103.8703678757
Festive Arts Theatre @ Our Tampines Hub,recreation,"1.35349615471813,103.939683594446",1.35349615471813,103.939683594446
Tan Cheng Siong Drama Theatre (ACSB),recreation,"1.31945060052388,103.835698466708",1.31945060052388,103.835698466708
Capitol Theatre,recreation,"1.29307884018235,103.851261983557",1.29307884018235,103.851261983557
Esplanade Theatre,recreation,"1.29036586468761,103.854797731",1.29036586468761,103.854797731
Marina Bay Sands (MBS) Grand Theatre,recreation,"1.28233335098225,103.858308388607",1.28233335098225,103.858308388607
MBS Sands Theatre,recreation,"1.2852295004108,103.86002284489",1.2852295004108,103.86002284489
Alliance Francaise Theatre,recreation,"1.31425501491267,103.836931083824",1.31425501491267,103.836931083824
SOTA Drama Theatre,recreation,"1.29935138768527,103.848674522511",1.29935138768527,103.848674522511
SOTA Studio Theatre,recreation,"1.29935138768527,103.848674522511",1.29935138768527,103.848674522511
The Ngee Ann Kongsi Theatre (Wild Rice @ Funan),recreation,"1.29124400033468,103.849984794935",1.29124400033468,103.849984794935
China Cultural Centre Theatre,recreation,"1.29813393022151,103.851985881894",1.29813393022151,103.851985881894
THE RICE COMPANY LIMITED Auditorium,recreation,"1.30083890737164,103.839434743513",1.30083890737164,103.839434743513
SCAPE Ground Theatre,recreation,"1.30086543417456,103.835700848396",1.30086543417456,103.835700848396
Kreta Ayer People's Theatre,recreation,"1.28132733481708,103.842748049452",1.28132733481708,103.842748049452
NAFA Lee Foundation Theatre,recreation,"1.29946332963088,103.851185944181",1.29946332963088,103.851185944181
NAFA Studio Theatre,recreation,"1.301284015603,103.851951946278",1.301284015603,103.851951946278
LASALLE Singapore Airlines Theatre,recreation,"1.30285513249516,103.851555432161",1.30285513249516,103.851555432161
Republic Polytechnic Theatre,recreation,"1.44627224974557,103.783228728956",1.44627224974557,103.783228728956
Drama Centre Theatre,recreation,"1.297489753102,103.853942302347",1.297489753102,103.853942302347
Victoria Theatre,recreation,"1.28818814086427,103.851536978275",1.28818814086427,103.851536978275
KC Arts Centre (SRT),recreation,"1.29141653365361,103.841677940905",1.29141653365361,103.841677940905
72-13 Theatre,recreation,"1.29136996438623,103.840137844317",1.29136996438623,103.840137844317
GREENRIDGE CRESCENT PG,recreation,"1.33427971274359,103.76576322903",1.33427971274359,103.76576322903
BINCHANG RISE PG,recreation,"1.34867364654809,103.843548412409",1.34867364654809,103.843548412409
PESARI WALK PG,recreation,"1.32442963788282,103.953978593679",1.32442963788282,103.953978593679
HAMPSTEAD WETLANDS PARK,recreation,"1.40918681979097,103.86927945316",1.40918681979097,103.86927945316
HOLLAND GREEN LINEAR PARK,recreation,"1.32712283504313,103.784016972452",1.32712283504313,103.784016972452
JALAN DERMAWAN PLAYGROUND,recreation,"1.36063894564964,103.758605844837",1.36063894564964,103.758605844837
ONE-NORTH PARK,recreation,"1.30427827820555,103.790368310782",1.30427827820555,103.790368310782
SG API API PK,recreation,"1.37888396979023,103.946003036657",1.37888396979023,103.946003036657
ANG MO KIO TOWN GARDEN EAST,recreation,"1.37057102188736,103.850285891654",1.37057102188736,103.850285891654
TELOK BLANGAH HILL PARK,recreation,"1.27865941193132,103.810253733445",1.27865941193132,103.810253733445
ANG MO KIO TOWN GARDEN WEST,recreation,"1.37450947142619,103.842739594211",1.37450947142619,103.842739594211
SURIN AVE NEIGHBOURHOOD PK,recreation,"1.35557644498419,103.884085617674",1.35557644498419,103.884085617674
MEI HWAN CRESCENT PG,recreation,"1.35276695533087,103.861743258559",1.35276695533087,103.861743258559
TIONG BAHRU PK,recreation,"1.28761728173432,103.824026788373",1.28761728173432,103.824026788373
HAUS LINEAR PARK,recreation,"1.36446966493554,103.860012821973",1.36446966493554,103.860012821973
BEDOK TOWN PK,recreation,"1.33495498710469,103.923872175675",1.33495498710469,103.923872175675
LABRADOR NATURE RESERVE,recreation,"1.26735620427772,103.802037219365",1.26735620427772,103.802037219365
UPPER SELETAR RESERVOIR PARK,recreation,"1.40126178058655,103.807440017621",1.40126178058655,103.807440017621
UPPER PEIRCE RESERVOIR PARK,recreation,"1.3727909318913,103.811866098477",1.3727909318913,103.811866098477
THOMSON NATURE PARK,recreation,"1.3826408205974,103.82203885112",1.3826408205974,103.82203885112
WINDSOR NATURE PARK,recreation,"1.35681524176096,103.821259458358",1.35681524176096,103.821259458358
CHESTNUT NATURE PARK,recreation,"1.3768728987522,103.779438091478",1.3768728987522,103.779438091478
RIFLE RANGE NATURE PARK,recreation,"1.34716039205639,103.784059983879",1.34716039205639,103.784059983879
LORONG TANGGAM PK,recreation,"1.39897892589612,103.873754952854",1.39897892589612,103.873754952854
FUYONG INTERIM PK,recreation,"1.35745416156778,103.768750952114",1.35745416156778,103.768750952114
JLG: CG MRT TOL LINKWAY,recreation,"1.34109511552778,103.732000246504",1.34109511552778,103.732000246504
YOUTH OLYMPIC PK,recreation,"1.28903349543933,103.860639436351",1.28903349543933,103.860639436351
MACPHERSON LINEAR PK,recreation,"1.33379845382874,103.881706066287",1.33379845382874,103.881706066287
CORONATION PARK,recreation,"1.32202602360355,103.796400449922",1.32202602360355,103.796400449922
BUNGA RAMPAI PK,recreation,"1.34047551996759,103.884296122273",1.34047551996759,103.884296122273
PEK KIO PARK,recreation,"1.31607876364456,103.849215046604",1.31607876364456,103.849215046604
CHANGI WEST BOARDWALK (CHANGI BC),recreation,"1.39021472180222,103.975933448034",1.39021472180222,103.975933448034
CHANGI PT FERRY TERMINAL,recreation,"1.39120690949822,103.987312523204",1.39120690949822,103.987312523204
TANAH MERAH PG,recreation,"1.3290293360899,103.946875548879",1.3290293360899,103.946875548879
MARIAM WALK PG,recreation,"1.35954735972944,103.968547444215",1.35954735972944,103.968547444215
LOYANG VIEW PG,recreation,"1.36303950030654,103.96563729242",1.36303950030654,103.96563729242
MERA TERRACE PG,recreation,"1.34740443902119,103.963506039822",1.34740443902119,103.963506039822
EASTWOOD PK PG,recreation,"1.32316002411451,103.957563750745",1.32316002411451,103.957563750745
JLN CHEMPAKA KUNING PG,recreation,"1.32975749487207,103.950164327787",1.32975749487207,103.950164327787
JLN PARI BURONG PG,recreation,"1.33383026676154,103.946961501486",1.33383026676154,103.946961501486
JLN PARI DEDAP PG,recreation,"1.33302055373819,103.943880478843",1.33302055373819,103.943880478843
MERAGI RD PG,recreation,"1.34438340546719,103.960282638177",1.34438340546719,103.960282638177
SUNBIRD CIRCLE PG,recreation,"1.33909090362834,103.958240128025",1.33909090362834,103.958240128025
BEDOK RIA CRESCENT PG,recreation,"1.32741734846828,103.953082377967",1.32741734846828,103.953082377967
HARVEY CRESCENT PG,recreation,"1.34065902807766,103.955191923857",1.34065902807766,103.955191923857
CHANGI POINT WATERFRONT PK,recreation,"1.39043253838019,103.988266279627",1.39043253838019,103.988266279627
ELIAS TERRACE PG,recreation,"1.3722284299777,103.941084252006",1.3722284299777,103.941084252006
UNIVERSITY RD PK,recreation,"1.32545071278505,103.817674473861",1.32545071278505,103.817674473861
GREENWOOD CRESCENT PG,recreation,"1.33550623635829,103.805486953795",1.33550623635829,103.805486953795
ORCHID VILLAGE PG,recreation,"1.33570402194183,103.801713166532",1.33570402194183,103.801713166532
UPPER PAYA LEBAR INTERIM PARK,recreation,"1.3435839278073,103.882464118236",1.3435839278073,103.882464118236
NIM MEADOW PARK,recreation,"1.37861661929094,103.863404323656",1.37861661929094,103.863404323656
PLATINA RD PG,recreation,"1.42754534573238,103.826118724355",1.42754534573238,103.826118724355
GOODLINK PK PG,recreation,"1.42729960687069,103.825392584436",1.42729960687069,103.825392584436
SPRINGLEAF AVE PG,recreation,"1.4009038349812,103.822597668795",1.4009038349812,103.822597668795
JANGGUS GARDEN,recreation,"1.45753982770482,103.836983849514",1.45753982770482,103.836983849514
PEBBLE GARDEN,recreation,"1.450644922919,103.829493124497",1.450644922919,103.829493124497
SPRINGSIDE PK,recreation,"1.40567189969821,103.820607436543",1.40567189969821,103.820607436543
CASHEW RD PG,recreation,"1.3705998190999,103.764667806709",1.3705998190999,103.764667806709
CASHEW LINK PG,recreation,"1.37135888737044,103.768925013587",1.37135888737044,103.768925013587
JLN RASOK PK,recreation,"1.41650064736761,103.75903191338",1.41650064736761,103.75903191338
VILLA VERDE PK,recreation,"1.39042150071763,103.752951442227",1.39042150071763,103.752951442227
CASHEW CRESCENT FC PG,recreation,"1.3722448535895,103.769494672037",1.3722448535895,103.769494672037
MARKET STREET PARK,recreation,"1.28345022836923,103.850252579131",1.28345022836923,103.850252579131
PARRY RD PG,recreation,"1.36602875456085,103.877504399546",1.36602875456085,103.877504399546
SARACA RD PG,recreation,"1.38666876585247,103.858637476282",1.38666876585247,103.858637476282
SELETAR TERRACE PG,recreation,"1.38148275402883,103.868774404846",1.38148275402883,103.868774404846
ST ANNE'S WOOD PG,recreation,"1.39164006767556,103.903736149806",1.39164006767556,103.903736149806
PK VILLAS TERRACE PG,recreation,"1.36899282775107,103.879963612744",1.36899282775107,103.879963612744
MIMOSA TERRACE PG,recreation,"1.38405035846555,103.860449686773",1.38405035846555,103.860449686773
DEW GARDEN,recreation,"1.39926634524772,103.871065399001",1.39926634524772,103.871065399001
SUNRISE WAY PG,recreation,"1.38767429877255,103.856680084398",1.38767429877255,103.856680084398
SUNRISE CLOSE PG,recreation,"1.38701172161186,103.857509946757",1.38701172161186,103.857509946757
SHANGRI-LA PLAYGROUND,recreation,"1.37102060447929,103.832392003137",1.37102060447929,103.832392003137
LEBAN PARK,recreation,"1.3724595958171,103.829292334004",1.3724595958171,103.829292334004
SUNRISE PLACE PG,recreation,"1.38694260391101,103.856600140741",1.38694260391101,103.856600140741
LENTOR STREET PG,recreation,"1.39009818638377,103.834276525698",1.39009818638377,103.834276525698
CHESTNUT CLOSE PARK,recreation,"1.36894663494104,103.773300705326",1.36894663494104,103.773300705326
ISLAND GDNS WALK PG,recreation,"1.3619988729062,103.828439110482",1.3619988729062,103.828439110482
EAST COAST PARK AREA H,recreation,"1.31567038079407,103.96739962651",1.31567038079407,103.96739962651
CHUAN GREEN PG,recreation,"1.36047968218852,103.86600839566",1.36047968218852,103.86600839566
CHARTWELL DR PK,recreation,"1.35963070406677,103.863871620205",1.35963070406677,103.863871620205
GARDEN VIEW PG,recreation,"1.36042488231238,103.865669437583",1.36042488231238,103.865669437583
MEI HWAN DR PG,recreation,"1.35335009465324,103.86347279914",1.35335009465324,103.86347279914
TAVISTOCK AVE PK,recreation,"1.37020724550004,103.865358285542",1.37020724550004,103.865358285542
COLCHESTER GROVE OS,recreation,"1.35758477322605,103.867454494863",1.35758477322605,103.867454494863
PARRY AVE INTERIM PK,recreation,"1.36392504715541,103.881134487321",1.36392504715541,103.881134487321
JLN ANGIN LAUT PG,recreation,"1.33718398881746,103.956224979677",1.33718398881746,103.956224979677
OASIS@MULBERRY PK,recreation,"1.33289613893183,103.878435973377",1.33289613893183,103.878435973377
JLN KAYU INTERIM PK,recreation,"1.39878796134679,103.872535655979",1.39878796134679,103.872535655979
ESPLANADE PK,recreation,"1.28941708557305,103.853596724758",1.28941708557305,103.853596724758
HOOPER RD PG,recreation,"1.31239891506633,103.843204232897",1.31239891506633,103.843204232897
LAKESIDE GROVE PLAYGROUND,recreation,"1.34007301440921,103.718594442481",1.34007301440921,103.718594442481
THE FOOTHILLS FORT CANNING PK,recreation,"1.29225761449422,103.845690656413",1.29225761449422,103.845690656413
JLN SENDUDOK PARK,recreation,"1.44389987678568,103.827162964284",1.44389987678568,103.827162964284
PASIR PANJANG NURSERY,recreation,"1.28158977427096,103.793871320364",1.28158977427096,103.793871320364
CAMBRIDGE PARK,recreation,"1.31366090181667,103.846837823379",1.31366090181667,103.846837823379
SEMBAWANG PK,recreation,"1.4615029671022,103.836845425704",1.4615029671022,103.836845425704
BUKIT TIMAH NATURE RESERVE,recreation,"1.35405947748309,103.779098579312",1.35405947748309,103.779098579312
LOWER PEIRCE RESERVOIR PARK,recreation,"1.3692147195643,103.826499749718",1.3692147195643,103.826499749718
SPRINGLEAF NATURE PARK,recreation,"1.4018864554547,103.820298936822",1.4018864554547,103.820298936822
CENTRAL CATCHMENT NATURE RESERVE,recreation,"1.38077097176752,103.805617359794",1.38077097176752,103.805617359794
KRANJI RESERVOIR PARK B,recreation,"1.43964725456075,103.737829129971",1.43964725456075,103.737829129971
EAST COAST PARK AREA E,recreation,"1.30704497863893,103.932627561763",1.30704497863893,103.932627561763
HORTPARK,recreation,"1.27907797066175,103.798053216019",1.27907797066175,103.798053216019
BISHAN-ANG MO KIO PARK (POND GARDENS),recreation,"1.3652068985913,103.836408554221",1.3652068985913,103.836408554221
SBG LC ZONE 1 (TNC),recreation,"1.31002445217214,103.81562486238",1.31002445217214,103.81562486238
SENGKANG RIVERSIDE PK,recreation,"1.39944821278958,103.884325172234",1.39944821278958,103.884325172234
SBG LC ZONE 3 (NOG/PV),recreation,"1.31290627544579,103.814060912139",1.31290627544579,103.814060912139
SBG LC ZONE 2 (CC/BTC),recreation,"1.32100346718014,103.816957977144",1.32100346718014,103.816957977144
VENUS GREEN,recreation,"1.35867163146742,103.827266233977",1.35867163146742,103.827266233977
GROVE LANE PG,recreation,"1.31376328874049,103.78420621059",1.31376328874049,103.78420621059
PASIR RIS PK,recreation,"1.37868420446615,103.952173084193",1.37868420446615,103.952173084193
CHEMPAKA AVE PG,recreation,"1.33187408758371,103.875615567624",1.33187408758371,103.875615567624
NOVENA RISE PK,recreation,"1.32462753002595,103.842853016618",1.32462753002595,103.842853016618
WEST COAST PARK,recreation,"1.29747446607222,103.762833340428",1.29747446607222,103.762833340428
CHANGI BEACH PK,recreation,"1.38315937339966,104.001753721833",1.38315937339966,104.001753721833
SUN PLAZA PK,recreation,"1.3585554260204,103.94344045133",1.3585554260204,103.94344045133
LEGUNDI PK,recreation,"1.44115605925867,103.822070147233",1.44115605925867,103.822070147233
JLN NAUNG PG,recreation,"1.3695631217362,103.892821897173",1.3695631217362,103.892821897173
REALTY PARK,recreation,"1.36822745678208,103.890118769216",1.36822745678208,103.890118769216
KALLANG RIVERSIDE PK,recreation,"1.30771929835191,103.868820406084",1.30771929835191,103.868820406084
AROOZOO AVE PG,recreation,"1.35519686674137,103.88595627295",1.35519686674137,103.88595627295
TRAS LINK PK,recreation,"1.27645761043259,103.843790198662",1.27645761043259,103.843790198662
DUXTON PLAIN PK,recreation,"1.28112233251632,103.841419292846",1.28112233251632,103.841419292846
HAZEL PK OS,recreation,"1.37163460470993,103.763644885144",1.37163460470993,103.763644885144
NATIVE PLANT CENTRE,recreation,"1.41727503231456,103.72747774077",1.41727503231456,103.72747774077
MAYFLOWER CRESCENT PG,recreation,"1.37273230674226,103.839528852241",1.37273230674226,103.839528852241
ELLINGTON SQUARE PLAYGROUND,recreation,"1.37200230896706,103.834530360428",1.37200230896706,103.834530360428
ST. NICHOLAS VIEW PLAYGROUND,recreation,"1.37162644094383,103.83278502529",1.37162644094383,103.83278502529
STRATTON WALK PG,recreation,"1.37923698497234,103.866967171823",1.37923698497234,103.866967171823
DEDAP PLACE PG,recreation,"1.38779757422738,103.868413363258",1.38779757422738,103.868413363258
SILAT AVENUE PARK,recreation,"1.27607583814816,103.829800874933",1.27607583814816,103.829800874933
LOWER SELETAR RESERVOIR PARK,recreation,"1.40743989775791,103.828893249082",1.40743989775791,103.828893249082
ADMIRALTY PK,recreation,"1.45033184911614,103.780046412876",1.45033184911614,103.780046412876
HUA GUAN CRESCENT PG,recreation,"1.33701053864393,103.785059539803",1.33701053864393,103.785059539803
BOUGAINVILLEA PK,recreation,"1.32673414854461,103.807621860354",1.32673414854461,103.807621860354
SBG LC ARBO/PRC/PRU,recreation,"1.32183872357991,103.817895981687",1.32183872357991,103.817895981687
MOUNT FABER PARK,recreation,"1.27055150873699,103.819330031052",1.27055150873699,103.819330031052
ALMOND CRESCENT PG,recreation,"1.37321244446067,103.771980605283",1.37321244446067,103.771980605283
TEACHER`S ESTATE PG,recreation,"1.38199226566592,103.829199502349",1.38199226566592,103.829199502349
CHU YEN PLAYGROUND,recreation,"1.35869717005242,103.758976339956",1.35869717005242,103.758976339956
CLEMENTI WOODS PARK,recreation,"1.29893353500838,103.76761685803",1.29893353500838,103.76761685803
KEMUNING PK,recreation,"1.43932557228732,103.82708060222",1.43932557228732,103.82708060222
SEMBAWANG HOT SPRING PARK,recreation,"1.43433226319357,103.822645812506",1.43433226319357,103.822645812506
JURONG CENTRAL PARK,recreation,"1.33797965179252,103.707874556812",1.33797965179252,103.707874556812
MARSILING PARK,recreation,"1.43763293091194,103.769934423931",1.43763293091194,103.769934423931
THOMSON PK,recreation,"1.35429109587362,103.834363941111",1.35429109587362,103.834363941111
WOODLANDS TOWN PK EAST,recreation,"1.43666646002142,103.779323364336",1.43666646002142,103.779323364336
SPRINGLEAF GARDEN PG,recreation,"1.39803958164017,103.822322979328",1.39803958164017,103.822322979328
BISHAN-ANG MO KIO PARK (RIVER PLAINS),recreation,"1.36052066123894,103.848866799948",1.36052066123894,103.848866799948
BUKIT GOMBAK PARK,recreation,"1.3672173562027,103.752434178726",1.3672173562027,103.752434178726
WOODLANDS HEALING GARDEN,recreation,"1.42506928535899,103.792715946266",1.42506928535899,103.792715946266
YISHUN POND PK,recreation,"1.42801221219486,103.839487039413",1.42801221219486,103.839487039413
LENTOR WALK PG,recreation,"1.38863095704625,103.838383248537",1.38863095704625,103.838383248537
LENTOR RD PG,recreation,"1.38829190348901,103.837572200947",1.38829190348901,103.837572200947
FORT CANNING PARK,recreation,"1.29589073542501,103.846609328737",1.29589073542501,103.846609328737
PASIR PANJANG PARK,recreation,"1.27874657945123,103.783924697113",1.27874657945123,103.783924697113
YISHUN PK,recreation,"1.42437572028436,103.84260969126",1.42437572028436,103.84260969126
CHENG SOON GARDEN PG,recreation,"1.33588636063652,103.771683010949",1.33588636063652,103.771683010949
KENT RIDGE PARK,recreation,"1.28439236452241,103.790318768437",1.28439236452241,103.790318768437
COUNTRYSIDE PG,recreation,"1.39018759195043,103.83840795465",1.39018759195043,103.83840795465
BANYAN VILLAS PG,recreation,"1.38727850473254,103.838853249011",1.38727850473254,103.838853249011
THONG SOON GREEN PG,recreation,"1.40005470891601,103.818388934224",1.40005470891601,103.818388934224
HONG LIM PK,recreation,"1.28633196386768,103.847050684322",1.28633196386768,103.847050684322
CONEY ISLAND PARK,recreation,"1.40945855251129,103.921509706476",1.40945855251129,103.921509706476
PUNGGOL PK,recreation,"1.37693757833846,103.898644110311",1.37693757833846,103.898644110311
MENG SUAN INTERIM PARK,recreation,"1.40299378844557,103.81538899053",1.40299378844557,103.81538899053
WATTEN HEIGHTS PG,recreation,"1.33151016569818,103.808183557744",1.33151016569818,103.808183557744
NAMLY PK,recreation,"1.32329893102838,103.796581467097",1.32329893102838,103.796581467097
SIXTH AVE PG,recreation,"1.32243593615978,103.791280561903",1.32243593615978,103.791280561903
SUNSET WAY PK,recreation,"1.32769457931625,103.764779248724",1.32769457931625,103.764779248724
KIM PONG PARK,recreation,"1.2835903963029,103.829737231899",1.2835903963029,103.829737231899
BOUNDARY ROAD PARK,recreation,"1.35404019715093,103.874780984647",1.35404019715093,103.874780984647
GANGES AVE OS,recreation,"1.29079323067005,103.831798461353",1.29079323067005,103.831798461353
CAMP ROAD INTERIM PARK,recreation,"1.30245656950896,103.818473521341",1.30245656950896,103.818473521341
RAIL CORRIDOR,recreation,"1.40340469708365,103.75356154356",1.40340469708365,103.75356154356
BUKIT CHERMIN BOARDWALK,recreation,"1.2652889536385,103.807418285705",1.2652889536385,103.807418285705
ST MICHAEL'S FC,recreation,"1.32649558588647,103.865109046597",1.32649558588647,103.865109046597
CEYLON ROAD INTERIM PARK,recreation,"1.30978041644013,103.899598149413",1.30978041644013,103.899598149413
HAIG WALK EXTENSION,recreation,"1.31068170566241,103.89867693205",1.31068170566241,103.89867693205
ONAN ROAD GREEN SPACE,recreation,"1.3100970657226,103.900719420715",1.3100970657226,103.900719420715
GREEN LANE PARK,recreation,"1.31079804512743,103.892484268586",1.31079804512743,103.892484268586
MAR THOMA ROAD PARK,recreation,"1.32735719463354,103.862028387199",1.32735719463354,103.862028387199
SIAN TUAN INTERIM PARK,recreation,"1.33859356889482,103.786188580025",1.33859356889482,103.786188580025
LORONG ONG LYE PARK,recreation,"1.34775981682707,103.878696630584",1.34775981682707,103.878696630584
KOON SENG PARK,recreation,"1.31104486615968,103.902833220695",1.31104486615968,103.902833220695
HOW SUN LINEAR PARK,recreation,"1.34589182687774,103.878135972902",1.34589182687774,103.878135972902
JLN RIANG PG,recreation,"1.34714260631811,103.867395357557",1.34714260631811,103.867395357557
YUNNAN PARK,recreation,"1.33748452291273,103.692901534144",1.33748452291273,103.692901534144
WESTWOOD PARK PLAYGROUND,recreation,"1.35180264784847,103.701053124732",1.35180264784847,103.701053124732
WESTVILLE PLAYGROUND,recreation,"1.3536022354009,103.69953571293",1.3536022354009,103.69953571293
LAKESIDE GROVE FITNESS CORNER,recreation,"1.33972304627531,103.717057254329",1.33972304627531,103.717057254329
JALAN MAS KUNING PLAYGROUND,recreation,"1.30785160772115,103.763525095935",1.30785160772115,103.763525095935
JALAN MAS PUTEH PLAYGROUND,recreation,"1.30898634357527,103.762006816686",1.30898634357527,103.762006816686
PANDAN RESERVOIR FITNESS CORNER,recreation,"1.31749907705536,103.748747848672",1.31749907705536,103.748747848672
TAMAN MAS MERAH PLAYGROUND,recreation,"1.30870328612233,103.764725551545",1.30870328612233,103.764725551545
WEST COAST GREEN PLAYGROUND,recreation,"1.31556035120902,103.756360169645",1.31556035120902,103.756360169645
WEST COAST PLACE PLAYGROUND,recreation,"1.31425393491785,103.75845016791",1.31425393491785,103.75845016791
GENTLE DR PG,recreation,"1.32036880566621,103.840703091905",1.32036880566621,103.840703091905
KATONG PK,recreation,"1.29716650370633,103.886347843011",1.29716650370633,103.886347843011
YIO CHU KANG GARDENS PG,recreation,"1.38068149282451,103.837487060084",1.38068149282451,103.837487060084
SERENADE WALK PG,recreation,"1.37992100996494,103.834559666877",1.37992100996494,103.834559666877
LENTOR VALE PG,recreation,"1.3880542360182,103.836146082137",1.3880542360182,103.836146082137
CHESTNUT DR PG,recreation,"1.36763373468593,103.768829716454",1.36763373468593,103.768829716454
FUDU WALK PG,recreation,"1.38983512189228,103.837234383348",1.38983512189228,103.837234383348
JLN DAUD INTERIM PK,recreation,"1.32559100073706,103.90653362722",1.32559100073706,103.90653362722
FLORISSA PK PG,recreation,"1.38697309322731,103.83507298159",1.38697309322731,103.83507298159
SUNRISE DR PG I,recreation,"1.38830533806858,103.857370620219",1.38830533806858,103.857370620219
BIDADARI PK,recreation,"1.34069170489761,103.874325847183",1.34069170489761,103.874325847183
TAMPINES BOULEVARD PARK,recreation,"1.36375634211696,103.940643136182",1.36375634211696,103.940643136182
NOVENA PK,recreation,"1.32231280350728,103.842813462476",1.32231280350728,103.842813462476
MAPLE LANE PARK,recreation,"1.32999457416692,103.79259115095",1.32999457416692,103.79259115095
FABER HEIGHTS OPEN SPACE,recreation,"1.32255263989016,103.757608567729",1.32255263989016,103.757608567729
FABER HEIGHTS PARK,recreation,"1.32383841835045,103.755263676386",1.32383841835045,103.755263676386
HENRY PK,recreation,"1.31625717735859,103.783118000157",1.31625717735859,103.783118000157
CHUAN WALK PG,recreation,"1.35722176093417,103.867552860236",1.35722176093417,103.867552860236
TAI HWAN TERRACE PG,recreation,"1.35644551123905,103.860339402753",1.35644551123905,103.860339402753
SEA BREEZE GARDEN PARK,recreation,"1.33786592855416,103.950421646181",1.33786592855416,103.950421646181
CHANGI HEIGHTS PG,recreation,"1.36284364776348,103.972204374772",1.36284364776348,103.972204374772
TOA PAYOH TOWN PK,recreation,"1.33056982507332,103.847954779318",1.33056982507332,103.847954779318
LENTOR GREEN PG,recreation,"1.38528572827205,103.837056471296",1.38528572827205,103.837056471296
LENTOR GROVE PG,recreation,"1.38638469106947,103.838370723906",1.38638469106947,103.838370723906
CLOVER WAY PG,recreation,"1.3501771180758,103.846021431399",1.3501771180758,103.846021431399
FULTON AVE PG,recreation,"1.36210745769153,103.833521025213",1.36210745769153,103.833521025213
PEMIMPIN PLACE PG,recreation,"1.35336993745076,103.842719560412",1.35336993745076,103.842719560412
THE INGLEWOOD PG,recreation,"1.36107445974385,103.830051683576",1.36107445974385,103.830051683576
CHUAN LANE PARK,recreation,"1.35175606737949,103.858082960656",1.35175606737949,103.858082960656
TAI KENG GARDENS PG,recreation,"1.34617053169256,103.885054582838",1.34617053169256,103.885054582838
PAYA LEBAR CRESCENT OS,recreation,"1.34896660987246,103.883568729789",1.34896660987246,103.883568729789
THRIFT DR OS,recreation,"1.34388656000369,103.883247323949",1.34388656000369,103.883247323949
TAI KENG PLACE PG,recreation,"1.34504132462013,103.884840780647",1.34504132462013,103.884840780647
JLN KELICHAP PG,recreation,"1.34678205716123,103.881824613068",1.34678205716123,103.881824613068
JLN SELASEH PG,recreation,"1.38560165035023,103.873382011841",1.38560165035023,103.873382011841
LILAC DR PG,recreation,"1.38115115808793,103.861143797283",1.38115115808793,103.861143797283
MIMOSA RD PG,recreation,"1.38419195060377,103.863043822309",1.38419195060377,103.863043822309
MIMOSA WALK PG,recreation,"1.38310482132523,103.861460065472",1.38310482132523,103.861460065472
TAMARIND RD PG,recreation,"1.38969918651398,103.860201780456",1.38969918651398,103.860201780456
NIM CRESCENT OS,recreation,"1.38307984573685,103.866840923022",1.38307984573685,103.866840923022
LUXUS HILLS PARK,recreation,"1.37947735215818,103.874727730965",1.37947735215818,103.874727730965
JUBILEE PARK (FCP),recreation,"1.29337420790714,103.844845927482",1.29337420790714,103.844845927482
FARQUHAR GARDEN (FCP),recreation,"1.29568652265371,103.848671520863",1.29568652265371,103.848671520863
EAST COAST PARK AREA F,recreation,"1.30947286139705,103.939600259106",1.30947286139705,103.939600259106
CACTUS RD PG,recreation,"1.39010905143522,103.852236475183",1.39010905143522,103.852236475183
EAST COAST PARK AREA C,recreation,"1.30035164127752,103.912460812957",1.30035164127752,103.912460812957
SUNRISE DR PG II,recreation,"1.39030141781238,103.855251659645",1.39030141781238,103.855251659645
GREENWAY SOUTH,recreation,"1.33517851735925,103.872060824938",1.33517851735925,103.872060824938
ENG KONG GARDEN PG,recreation,"1.33692374227268,103.769163361881",1.33692374227268,103.769163361881
EAST COAST PARK AREA A,recreation,"1.29404954307541,103.869586242558",1.29404954307541,103.869586242558
OPERA ESTATE FOOTBALL FIELD,recreation,"1.32010114477479,103.924456127552",1.32010114477479,103.924456127552
PASIR RIS TOWN PK,recreation,"1.37168921546084,103.952406333847",1.37168921546084,103.952406333847
LENGKONG ENAM PARK,recreation,"1.32736409081635,103.914736925317",1.32736409081635,103.914736925317
ISTANA PK,recreation,"1.29926400056913,103.843988414435",1.29926400056913,103.843988414435
JALAN TEKUKOR PLAYGROUND,recreation,"1.34613789557908,103.766776018086",1.34613789557908,103.766776018086
HOOVER PARK (LOR PISANG HIJAU PLAYGROUND),recreation,"1.34387550950231,103.773020255298",1.34387550950231,103.773020255298
HIGHGATE WALK PLAYGROUND,recreation,"1.34041718461436,103.765924361493",1.34041718461436,103.765924361493
SAVOY PK PG,recreation,"1.33341448538583,103.769926672317",1.33341448538583,103.769926672317
BURGUNDY CRESCENT PLAYGROUND,recreation,"1.3398270199084,103.760905034481",1.3398270199084,103.760905034481
PAVILION PARK PLAYGROUND,recreation,"1.37228567335136,103.751977292393",1.37228567335136,103.751977292393
DUCHESS PK,recreation,"1.32429031253983,103.805479415733",1.32429031253983,103.805479415733
VICTORIA PARK PLAYGROUND,recreation,"1.32190279939602,103.801809936438",1.32190279939602,103.801809936438
KING'S DR PG,recreation,"1.31908667511213,103.806061542024",1.31908667511213,103.806061542024
KAMPONG GLAM PK,recreation,"1.30244543543098,103.862996071047",1.30244543543098,103.862996071047
MACRITCHIE RESERVOIR PK,recreation,"1.34345090908669,103.836281358006",1.34345090908669,103.836281358006
ARMENIAN STREET (FCP),recreation,"1.29448256824651,103.849502403557",1.29448256824651,103.849502403557
CANNING RISE (FCP),recreation,"1.29641518581454,103.847882537371",1.29641518581454,103.847882537371
BUKIT CANBERRA,recreation,"1.4476403125129,103.82497007684",1.4476403125129,103.82497007684
KING'S RD PARK,recreation,"1.3168886174972,103.804897087078",1.3168886174972,103.804897087078
EAST COAST TERRACE PK,recreation,"1.31096009065387,103.923805560941",1.31096009065387,103.923805560941
ST MICHAEL'S PG,recreation,"1.32622809490879,103.864887666376",1.32622809490879,103.864887666376
ANG MO KIO LINEAR PK (PLOT 2),recreation,"1.37933423418487,103.871760189759",1.37933423418487,103.871760189759
EAST COAST PARK AREA B,recreation,"1.29646780088756,103.900131360041",1.29646780088756,103.900131360041
JLG: LAKESIDE GARDEN,recreation,"1.33366335240042,103.726949736227",1.33366335240042,103.726949736227
ALJUNIED PK,recreation,"1.32913843605922,103.87996253232",1.32913843605922,103.87996253232
BEDOK RESERVOIR PK,recreation,"1.3459933259135,103.926811702071",1.3459933259135,103.926811702071
PUNGGOL WATERWAY PK,recreation,"1.41099721330755,103.904815052512",1.41099721330755,103.904815052512
KEW DR PG,recreation,"1.32070953140967,103.951754304054",1.32070953140967,103.951754304054
LIMAU GARDEN PG,recreation,"1.32248212497431,103.950691329256",1.32248212497431,103.950691329256
LUCKY GARDENS PG,recreation,"1.31928707153782,103.941376122194",1.31928707153782,103.941376122194
SENNETT AVE PG,recreation,"1.31696705744294,103.936280169071",1.31696705744294,103.936280169071
JLN LIMAU KASTURI PG,recreation,"1.32397376498207,103.946389060845",1.32397376498207,103.946389060845
KEW AVE PG,recreation,"1.3216265387641,103.94845050181",1.3216265387641,103.94845050181
KEW CRESCENT PG,recreation,"1.31918755275953,103.94858574719",1.31918755275953,103.94858574719
LIMAU VILLAS PG,recreation,"1.32387245092569,103.950514095979",1.32387245092569,103.950514095979
TURNHOUSE PK,recreation,"1.3899035701309,103.978979230326",1.3899035701309,103.978979230326
SENNETT AVE OS,recreation,"1.31878722166119,103.939334261386",1.31878722166119,103.939334261386
JLN LIMAU KASTURI OS,recreation,"1.32449425672041,103.946227719764",1.32449425672041,103.946227719764
JLN PELATOK OS,recreation,"1.34617457416051,103.960856823947",1.34617457416051,103.960856823947
CHANGI EAST BOARDWALK (CHANGI FERRY TER),recreation,"1.39221881528347,103.984181770019",1.39221881528347,103.984181770019
CHANGI POINT PROMENADE,recreation,"1.3902051843408,103.989119880207",1.3902051843408,103.989119880207
HINDHEDE NATURE PARK,recreation,"1.35024368974565,103.776036712787",1.35024368974565,103.776036712787
TANAH PUTEH PK,recreation,"1.31582686849946,103.931358240605",1.31582686849946,103.931358240605
TELOK KURAU LORONG N PK,recreation,"1.31032507563673,103.912805409594",1.31032507563673,103.912805409594
JLN DAUD PK,recreation,"1.32582685003325,103.907100851429",1.32582685003325,103.907100851429
JLN EUNOS INTERIM PK,recreation,"1.32493409291443,103.906001380509",1.32493409291443,103.906001380509
JLN AWANG INTERIM PK,recreation,"1.32388272950888,103.905867824939",1.32388272950888,103.905867824939
JLN YASIN INTERIM PK,recreation,"1.3213610329671,103.905554866069",1.3213610329671,103.905554866069
SENNETT AVE LINEAR PK,recreation,"1.31758111421045,103.935963688186",1.31758111421045,103.935963688186
JALAN ISHAK PARK,recreation,"1.32414379522119,103.907197834573",1.32414379522119,103.907197834573
LORONG MARICAN PARK,recreation,"1.32388741670908,103.907931483647",1.32388741670908,103.907931483647
LORONG MARZUKI PARK,recreation,"1.32379727000289,103.9083392334",1.32379727000289,103.9083392334
SHELFORD RD PG,recreation,"1.32837012111968,103.810432411396",1.32837012111968,103.810432411396
ZHENGHUA NATURE PARK,recreation,"1.36783438834694,103.77835108166",1.36783438834694,103.77835108166
BUKIT BATOK TOWN PARK,recreation,"1.35735433361136,103.756072052855",1.35735433361136,103.756072052855
BUKIT BATOK NATURE PARK,recreation,"1.35000869429225,103.764622193685",1.35000869429225,103.764622193685
LABRADOR NATURE PARK,recreation,"1.26436693445783,103.803397488686",1.26436693445783,103.803397488686
PULAU SEKUDU,recreation,"1.40391781566746,103.988041749811",1.40391781566746,103.988041749811
PULAU UNUM,recreation,"1.43303286322572,104.053781817789",1.43303286322572,104.053781817789
BETING BRONOK,recreation,"1.43704775175204,104.046857036807",1.43704775175204,104.046857036807
DAIRY FARM NATURE PARK,recreation,"1.3626384775862,103.773555292954",1.3626384775862,103.773555292954
SUNGEI BULOH WETLAND RESERVE,recreation,"1.44473811916417,103.72452299951",1.44473811916417,103.72452299951
KRANJI COASTAL NATURE PARK,recreation,"1.4434944428093,103.734910294358",1.4434944428093,103.734910294358
SUNGEI BULOH SOUTHERN EXTENSION,recreation,"1.43628505935265,103.719794362572",1.43628505935265,103.719794362572
MARIAM WAY PG,recreation,"1.36194515501291,103.966233488113",1.36194515501291,103.966233488113
BEDOK TERRACE PG,recreation,"1.32554360143024,103.947505619244",1.32554360143024,103.947505619244
LORONG MELAYU PARK,recreation,"1.3239981939637,103.90932502643",1.3239981939637,103.90932502643
SEA BREEZE AVENUE PARK,recreation,"1.33865838567881,103.952189418476",1.33865838567881,103.952189418476
JLN KAYU PK,recreation,"1.3981028673365,103.872881290003",1.3981028673365,103.872881290003
CHILTERN DRIVE INTERIM PARK,recreation,"1.34855905537929,103.862006391429",1.34855905537929,103.862006391429
COLCHESTER GROVE INTERIM OS,recreation,"1.35648310119651,103.866742537185",1.35648310119651,103.866742537185
PAYA LEBAR ROAD PARK,recreation,"1.332848835283,103.888580439133",1.332848835283,103.888580439133
JAMBOL PLACE PARK,recreation,"1.27902576189058,103.790185352391",1.27902576189058,103.790185352391
PENANG RD OS,recreation,"1.3002353872392,103.841493819237",1.3002353872392,103.841493819237
NERAM CRESCENT PG,recreation,"1.38558860034823,103.865744101418",1.38558860034823,103.865744101418
GELENGGANG PARK,recreation,"1.37347589410345,103.829834491836",1.37347589410345,103.829834491836
FABER HILLS PLAYGROUND,recreation,"1.31976725025288,103.757976475821",1.31976725025288,103.757976475821
BERLAYER CREEK,recreation,"1.2677204017219,103.805145293111",1.2677204017219,103.805145293111
PULAU UBIN AND CHEK JAWA,recreation,"1.41375213208627,103.965411812768",1.41375213208627,103.965411812768
RAILWAY CORRIDOR RIFLE RANGE CONNECTOR,recreation,"1.34138191551688,103.779321196606",1.34138191551688,103.779321196606
KING'S DOCK PARK,recreation,"1.26395821821276,103.817414932667",1.26395821821276,103.817414932667
UPPER SERANGOON PARK,recreation,"1.35163743855084,103.875225759709",1.35163743855084,103.875225759709
JALAN REMAJA INTERIM PARK,recreation,"1.35757832380304,103.760776014894",1.35757832380304,103.760776014894
PAVILION PLAYGROUND II,recreation,"1.36834042207245,103.753434474763",1.36834042207245,103.753434474763
CASHEW RD INTERIM PK,recreation,"1.37240454802411,103.767967114604",1.37240454802411,103.767967114604
EMPRESS PLACE,recreation,"1.28696158440715,103.852139652057",1.28696158440715,103.852139652057
PEARL'S HILL CITY PK,recreation,"1.28451314829218,103.838729111973",1.28451314829218,103.838729111973
RAFFLES PLACE PK,recreation,"1.28359425976177,103.851499926815",1.28359425976177,103.851499926815
TELOK AYER PK,recreation,"1.27817750551921,103.846686834828",1.27817750551921,103.846686834828
WATERBOAT HOUSE GARDEN,recreation,"1.28731951633983,103.853473041159",1.28731951633983,103.853473041159
ANN SIANG HILL PK,recreation,"1.28106200025437,103.846118774934",1.28106200025437,103.846118774934
THOMSON RD PG,recreation,"1.31625995423404,103.843709464524",1.31625995423404,103.843709464524
MALCOLM PK,recreation,"1.32256292701051,103.826518473326",1.32256292701051,103.826518473326
ROWELL RD OS,recreation,"1.30842230218887,103.854848619917",1.30842230218887,103.854848619917
SOMME RD PG,recreation,"1.31148410471472,103.858151999755",1.31148410471472,103.858151999755
NORTH BRIDGE GARDEN,recreation,"1.30410932260008,103.862145551697",1.30410932260008,103.862145551697
GOLDHILL AVE PG,recreation,"1.3211334171749,103.833173799822",1.3211334171749,103.833173799822
ORCHARD FOUNTAIN CORNER,recreation,"1.30158712559997,103.837610706786",1.30158712559997,103.837610706786
WAR MEMORIAL PK,recreation,"1.29282451315933,103.854818472016",1.29282451315933,103.854818472016
DHOBY GHAUT GREEN,recreation,"1.29843012694949,103.845849334218",1.29843012694949,103.845849334218
HANDY RD OS,recreation,"1.29905705465833,103.847806970485",1.29905705465833,103.847806970485
KANDIS GARDEN,recreation,"1.45619155357984,103.835644742946",1.45619155357984,103.835644742946
BEGONIA RD PG,recreation,"1.38781969983614,103.863289569019",1.38781969983614,103.863289569019
KIM SENG PK,recreation,"1.29262045404933,103.834255122835",1.29262045404933,103.834255122835
HOLLAND VILLAGE PK,recreation,"1.31173024514478,103.795543947324",1.31173024514478,103.795543947324
IRAU DRIVE PLAYGROUND,recreation,"1.46194353849919,103.840068828829",1.46194353849919,103.840068828829
BENG WAN RD PG,recreation,"1.32380601544124,103.86583529863",1.32380601544124,103.86583529863
MUGLISTON PK PG,recreation,"1.38544589184001,103.87790631675",1.38544589184001,103.87790631675
YISHUN NEIGHBOURHOOD PK,recreation,"1.43775723987016,103.835057961575",1.43775723987016,103.835057961575
MAYFAIR PK,recreation,"1.34155552000007,103.780892874988",1.34155552000007,103.780892874988
CARMICHAEL RD PG,recreation,"1.34268143924122,103.863007181418",1.34268143924122,103.863007181418
JUPITER PLAYGROUND,recreation,"1.35827116717554,103.825136770876",1.35827116717554,103.825136770876
HOLLAND GROVE VIEW FC,recreation,"1.31247457809529,103.782785348372",1.31247457809529,103.782785348372
POH HUAT RD PG,recreation,"1.36693711592976,103.881611123538",1.36693711592976,103.881611123538
RICHARDS AVE PK,recreation,"1.36092859054899,103.882129121872",1.36092859054899,103.882129121872
TAMPINES ECO GREEN PK,recreation,"1.36371048509323,103.948376749987",1.36371048509323,103.948376749987
TELOK AYER GREEN,recreation,"1.28146516344276,103.847643736011",1.28146516344276,103.847643736011
BROOK'S PARK,recreation,"1.40560818819678,103.822979347794",1.40560818819678,103.822979347794
MOUNT EMILY PK,recreation,"1.304376085267,103.847611243464",1.304376085267,103.847611243464
CITY GREEN,recreation,"1.3118468213986,103.856022458034",1.3118468213986,103.856022458034
JALAN SENANG LINEAR PARK,recreation,"1.32557239453135,103.917184249836",1.32557239453135,103.917184249836
CHOA CHU KANG PK,recreation,"1.38626579005881,103.74745761157",1.38626579005881,103.74745761157
KHEAM HOCK PARK,recreation,"1.33042157919716,103.819221711747",1.33042157919716,103.819221711747
GREENLEAF VIEW PK PG,recreation,"1.32231062338179,103.788087373667",1.32231062338179,103.788087373667
FERNVALE PARK,recreation,"1.39751452496023,103.874878712408",1.39751452496023,103.874878712408
EAST COAST PARK AREA D,recreation,"1.30427402002577,103.925222162301",1.30427402002577,103.925222162301
MSS - MOUNT SINAI VIEW STATELAND,recreation,"1.31764521062026,103.781514501045",1.31764521062026,103.781514501045
CHWEE CHIAN PLAYGROUND,recreation,"1.27957283707688,103.788954018793",1.27957283707688,103.788954018793
JALAN SINGA PARK,recreation,"1.33097190018081,103.906938835437",1.33097190018081,103.906938835437
KRANJI MARSHES,recreation,"1.41915520184278,103.730227396197",1.41915520184278,103.730227396197
KRANJI RESERVOIR PARK A,recreation,"1.43820987851434,103.742939525383",1.43820987851434,103.742939525383
BUTTERFLY AVE PG,recreation,"1.3344335664821,103.877336536813",1.3344335664821,103.877336536813
JLN GENENG INTERIM PK,recreation,"1.35333766953265,103.88087476498",1.35333766953265,103.88087476498
PARK AT SEMBAWANG ALLEY,recreation,"1.44873423988006,103.819043320325",1.44873423988006,103.819043320325
SOO CHOW WALK PG,recreation,"1.35364713583005,103.832028352792",1.35364713583005,103.832028352792
EAST COAST PARK AREA G,recreation,"1.3136017962329,103.95838226458",1.3136017962329,103.95838226458
SUNRISE TERRACE OS,recreation,"1.38824739076876,103.856117062215",1.38824739076876,103.856117062215
THOMSON WALK PG,recreation,"1.37600056950937,103.832485643243",1.37600056950937,103.832485643243
THOMSON GREEN PG,recreation,"1.37869218268997,103.832623253459",1.37869218268997,103.832623253459
PARLIAMENT PROMENADE,recreation,"1.28858157729162,103.849999229761",1.28858157729162,103.849999229761
TOH CLOSE INTERIM PARK,recreation,"1.36391400169177,103.969922078701",1.36391400169177,103.969922078701
JLN PELATOK PG,recreation,"1.34614432777652,103.960340033017",1.34614432777652,103.960340033017
TAMAN PERMATA PK,recreation,"1.35006560108914,103.834989795683",1.35006560108914,103.834989795683
JLN LIMAU MANIS PG,recreation,"1.32473400276553,103.949044991383",1.32473400276553,103.949044991383
ANG MO KIO LINEAR PK (PLOT 3),recreation,"1.37919140298698,103.868718350244",1.37919140298698,103.868718350244
SIANG KUANG AVE INTERIM PK,recreation,"1.32982836973001,103.873049482168",1.32982836973001,103.873049482168
JLN PINTAU PG,recreation,"1.35394566948163,103.839973218932",1.35394566948163,103.839973218932
JALAN SEMBILANG PARK,recreation,"1.35656552089808,103.834035859654",1.35656552089808,103.834035859654
WOODLANDS WATERFRONT PK,recreation,"1.45335606514592,103.781318127252",1.45335606514592,103.781318127252
HILLVIEW CRESCENT PLAYGROUND,recreation,"1.35526234600103,103.761162329918",1.35526234600103,103.761162329918
LORONG KEMUNCHUP PLAYGROUND,recreation,"1.36039304734333,103.760933385745",1.36039304734333,103.760933385745
CLOVER CRESCENT PG,recreation,"1.35104815025382,103.844576147914",1.35104815025382,103.844576147914
EAST COAST PARK AREA E1 CAR PARK,recreation,"1.30732067004185,103.930216042393",1.30732067004185,103.930216042393
TANJONG PAGAR PK,recreation,"1.27656172855011,103.846625595698",1.27656172855011,103.846625595698
KALLANG LINEAR PARK,recreation,"1.35044894595546,103.855695269338",1.35044894595546,103.855695269338
OLD UPPER ALJUNIED ROAD,recreation,"1.33869539959468,103.875220109004",1.33869539959468,103.875220109004
AIDA PK,recreation,"1.31937962173274,103.927926927801",1.31937962173274,103.927926927801
JLN SENANG PG,recreation,"1.32901534433702,103.915569082114",1.32901534433702,103.915569082114
CARPMAEL PARK,recreation,"1.31150223615367,103.898951337691",1.31150223615367,103.898951337691
TAMAN KEMBANGAN PG,recreation,"1.32500330475059,103.914402190199",1.32500330475059,103.914402190199
WARINGIN PK PG,recreation,"1.32302301429734,103.919178528701",1.32302301429734,103.919178528701
ARTHUR PK,recreation,"1.30388822880967,103.888214008995",1.30388822880967,103.888214008995
LORONG 40 GEYLANG PG,recreation,"1.31363300079244,103.889369402258",1.31363300079244,103.889369402258
GUILLEMARD RD OS,recreation,"1.3145512726889,103.892397304386",1.3145512726889,103.892397304386
INTERIM PK AT TERANG BULAN AVE,recreation,"1.32163329724026,103.921576796268",1.32163329724026,103.921576796268
MT BATTEN RD/OLD AIRPORT RD OS,recreation,"1.30574055045692,103.883307557516",1.30574055045692,103.883307557516
MARINE PARADE RD PK,recreation,"1.30489833428935,103.908028727805",1.30489833428935,103.908028727805
WILKINSON INTERIM PK,recreation,"1.30165180775063,103.887313265196",1.30165180775063,103.887313265196
HAIG WALK (GEYLANG RD-DUNMAN RD),recreation,"1.30651932204657,103.900740241629",1.30651932204657,103.900740241629
JOO CHIAT TERRACE PK,recreation,"1.3144083767573,103.901698929887",1.3144083767573,103.901698929887
LORONG SARINA INTERIM PK,recreation,"1.32014372193559,103.906082464842",1.32014372193559,103.906082464842
JLN ISMAIL PK,recreation,"1.32319902613544,103.905859015434",1.32319902613544,103.905859015434
SUNSET WAY PG,recreation,"1.32678782022174,103.766406429097",1.32678782022174,103.766406429097
SUNSET HEIGHTS OS,recreation,"1.32794500802498,103.76886836517",1.32794500802498,103.76886836517
CLEMENTI CRESCENT PG,recreation,"1.32352249581553,103.773299516919",1.32352249581553,103.773299516919
JLN KEBAYA PG,recreation,"1.31411491089679,103.780246358221",1.31411491089679,103.780246358221
MOUNT SINAI PLAIN PG,recreation,"1.31572101667066,103.781097285498",1.31572101667066,103.781097285498
HOLLAND GROVE VIEW PG,recreation,"1.31292966715146,103.781221623636",1.31292966715146,103.781221623636
HOLLAND GREEN PG,recreation,"1.3268109004602,103.782577595368",1.3268109004602,103.782577595368
PHOENIX PARK,recreation,"1.37588980834457,103.75723986271",1.37588980834457,103.75723986271
ENG KONG PLACE FC,recreation,"1.33473920271874,103.767246049139",1.33473920271874,103.767246049139
GOLDEN RISE PG,recreation,"1.33632364792821,103.764868520054",1.33632364792821,103.764868520054
CONNAUGHT DRIVE,recreation,"1.28985500957277,103.853279933079",1.28985500957277,103.853279933079
YARROW PARK,recreation,"1.31542302337373,103.92150194857",1.31542302337373,103.92150194857
SIGLAP LINEAR PK (UPP EC RD-M PARADE),recreation,"1.31128410447376,103.928406519371",1.31128410447376,103.928406519371
TANJONG KATONG RD SOUTH PG,recreation,"1.30017411052648,103.897321931546",1.30017411052648,103.897321931546
JLN BULOH PERINDU PG,recreation,"1.30848259749907,103.91938448273",1.30848259749907,103.91938448273
MEYER RD PG,recreation,"1.29856851660654,103.894197078689",1.29856851660654,103.894197078689
TELOK KURAU PK,recreation,"1.31536476162609,103.914285847406",1.31536476162609,103.914285847406
ELITE TERRACE PK,recreation,"1.3155988452067,103.924306314118",1.3155988452067,103.924306314118
SIGLAP LINEAR PK (JLN B'WAN-UPP EC RD),recreation,"1.31437984282712,103.927408636021",1.31437984282712,103.927408636021
GEYLANG EAST PK,recreation,"1.32177178452093,103.887659071111",1.32177178452093,103.887659071111
GREENFIELD DR PG,recreation,"1.31303547684131,103.917656349907",1.31303547684131,103.917656349907
BANGSAWAN PK,recreation,"1.32120756763113,103.923837945589",1.32120756763113,103.923837945589
Central Catchment Nature Reserve,recreation,"1.38008249104401,103.818170324371",1.38008249104401,103.818170324371
Central Catchment Nature Reserve,recreation,"1.38077875445408,103.795834627019",1.38077875445408,103.795834627019
Central Catchment Nature Reserve,recreation,"1.3956949737911,103.814675558166",1.3956949737911,103.814675558166
Central Catchment Nature Reserve,recreation,"1.39911967820624,103.812939399214",1.39911967820624,103.812939399214
Central Catchment Nature Reserve,recreation,"1.39903095872312,103.812885755575",1.39903095872312,103.812885755575
Central Catchment Nature Reserve,recreation,"1.39912442701384,103.812835381195",1.39912442701384,103.812835381195
Central Catchment Nature Reserve,recreation,"1.39898892350061,103.812842067816",1.39898892350061,103.812842067816
Central Catchment Nature Reserve,recreation,"1.40405854098014,103.80864268476",1.40405854098014,103.80864268476
Central Catchment Nature Reserve,recreation,"1.40661644278941,103.808706401662",1.40661644278941,103.808706401662
Central Catchment Nature Reserve,recreation,"1.39774429709328,103.775423787085",1.39774429709328,103.775423787085
Central Catchment Nature Reserve,recreation,"1.35548172261768,103.785168499494",1.35548172261768,103.785168499494
Central Catchment Nature Reserve,recreation,"1.35615568431935,103.784350087577",1.35615568431935,103.784350087577
Central Catchment Nature Reserve,recreation,"1.35749532890453,103.783044627443",1.35749532890453,103.783044627443
Central Catchment Nature Reserve,recreation,"1.33959439956153,103.820071992076",1.33959439956153,103.820071992076
Central Catchment Nature Reserve,recreation,"1.4041456144662,103.808343780022",1.4041456144662,103.808343780022
Central Catchment Nature Reserve,recreation,"1.4108332469196,103.806932890529",1.4108332469196,103.806932890529
Central Catchment Nature Reserve,recreation,"1.41169767839777,103.806600224208",1.41169767839777,103.806600224208
Central Catchment Nature Reserve,recreation,"1.4117533960073,103.806578774321",1.4117533960073,103.806578774321
Central Catchment Nature Reserve,recreation,"1.40718408717595,103.807261347125",1.40718408717595,103.807261347125
Bukit Timah Nature Reserve,recreation,"1.36184464272883,103.776772612543",1.36184464272883,103.776772612543
Bukit Timah Nature Reserve,recreation,"1.36026753768416,103.775139119443",1.36026753768416,103.775139119443
Central Catchment Nature Reserve,recreation,"1.34948481057607,103.79645214761",1.34948481057607,103.79645214761
Central Catchment Nature Reserve,recreation,"1.34948059632448,103.795928034052",1.34948059632448,103.795928034052
Central Catchment Nature Reserve,recreation,"1.34948059632448,103.795928034052",1.34948059632448,103.795928034052
Central Catchment Nature Reserve,recreation,"1.3655915423894,103.781008893987",1.3655915423894,103.781008893987
Central Catchment Nature Reserve,recreation,"1.36455633012588,103.780251356132",1.36455633012588,103.780251356132
Central Catchment Nature Reserve,recreation,"1.36249543473517,103.780451833889",1.36249543473517,103.780451833889
Central Catchment Nature Reserve,recreation,"1.36237408588697,103.780475208268",1.36237408588697,103.780475208268
Central Catchment Nature Reserve,recreation,"1.36455633012588,103.780251356132",1.36455633012588,103.780251356132
Central Catchment Nature Reserve,recreation,"1.35489980172004,103.786004790608",1.35489980172004,103.786004790608
Labrador Nature Reserve,recreation,"1.2672625504725,103.8009737172",1.2672625504725,103.8009737172
Labrador Nature Reserve,recreation,"1.26610688381592,103.801959897614",1.26610688381592,103.801959897614
Labrador Nature Reserve,recreation,"1.2672625504725,103.8009737172",1.2672625504725,103.8009737172
Labrador Nature Reserve,recreation,"1.26729253913635,103.800681264856",1.26729253913635,103.800681264856
Labrador Nature Reserve,recreation,"1.26790776505949,103.801333588996",1.26790776505949,103.801333588996
Labrador Nature Reserve,recreation,"1.26742181343611,103.803190315618",1.26742181343611,103.803190315618
Sungei Buloh Wetland Reserve,recreation,"1.43835302564927,103.721665399859",1.43835302564927,103.721665399859
Sungei Buloh Wetland Reserve,recreation,"1.44078023232466,103.723464798917",1.44078023232466,103.723464798917
Sungei Buloh Wetland Reserve,recreation,"1.44298967427425,103.724483423078",1.44298967427425,103.724483423078
Sungei Buloh Wetland Reserve,recreation,"1.44347514265472,103.724625081771",1.44347514265472,103.724625081771
Sungei Buloh Wetland Reserve,recreation,"1.44078023232466,103.723464798917",1.44078023232466,103.723464798917
Sungei Buloh Wetland Reserve,recreation,"1.44849187133094,103.723079351922",1.44849187133094,103.723079351922
Sungei Buloh Wetland Reserve,recreation,"1.4482344668381,103.722076752842",1.4482344668381,103.722076752842
Sungei Buloh Wetland Reserve,recreation,"1.44966186384869,103.729966655364",1.44966186384869,103.729966655364
Sungei Buloh Wetland Reserve,recreation,"1.44893003970948,103.719723539899",1.44893003970948,103.719723539899
Sungei Buloh Wetland Reserve,recreation,"1.44829728550111,103.72190951157",1.44829728550111,103.72190951157
Sungei Buloh Wetland Reserve,recreation,"1.44984249375421,103.729413397394",1.44984249375421,103.729413397394
Sungei Buloh Wetland Reserve,recreation,"1.44300512473873,103.728197772111",1.44300512473873,103.728197772111
Sungei Buloh Wetland Reserve,recreation,"1.45039443318642,103.729962210009",1.45039443318642,103.729962210009
Sungei Buloh Wetland Reserve,recreation,"1.4511341310246,103.724261062678",1.4511341310246,103.724261062678
Sungei Buloh Wetland Reserve,recreation,"1.45074897360346,103.729074116611",1.45074897360346,103.729074116611
Sungei Buloh Wetland Reserve,recreation,"1.45116233121828,103.722457122036",1.45116233121828,103.722457122036
Central Catchment Nature Reserve,recreation,"1.34428149218265,103.813718074703",1.34428149218265,103.813718074703
Bukit Timah Nature Reserve,recreation,"1.34779980151515,103.775765678362",1.34779980151515,103.775765678362
Bukit Timah Nature Reserve,recreation,"1.34673110282347,103.777937591026",1.34673110282347,103.777937591026
Bukit Timah Nature Reserve,recreation,"1.34805937691507,103.776737899135",1.34805937691507,103.776737899135
Bukit Timah Nature Reserve,recreation,"1.34805937691507,103.776737899135",1.34805937691507,103.776737899135
Bukit Timah Nature Reserve,recreation,"1.35179426720279,103.784430222735",1.35179426720279,103.784430222735
Bukit Timah Nature Reserve,recreation,"1.35188655026612,103.78438279651",1.35188655026612,103.78438279651
Bukit Timah Nature Reserve,recreation,"1.35199383394222,103.784331764046",1.35199383394222,103.784331764046
Central Catchment Nature Reserve,recreation,"1.35232267735834,103.823546517027",1.35232267735834,103.823546517027
Bukit Timah Nature Reserve,recreation,"1.35199383394222,103.784331764046",1.35199383394222,103.784331764046
Bukit Timah Nature Reserve,recreation,"1.35198970673443,103.784436194272",1.35198970673443,103.784436194272
Bukit Timah Nature Reserve,recreation,"1.35511287907008,103.783545286709",1.35511287907008,103.783545286709
Central Catchment Nature Reserve,recreation,"1.35483456330003,103.818328291446",1.35483456330003,103.818328291446
Bukit Timah Nature Reserve,recreation,"1.35337917996637,103.7874786007",1.35337917996637,103.7874786007
Bukit Timah Nature Reserve,recreation,"1.36102899908291,103.779256450448",1.36102899908291,103.779256450448
Central Catchment Nature Reserve,recreation,"1.35788179973533,103.78273869382",1.35788179973533,103.78273869382
Bukit Timah Nature Reserve,recreation,"1.36188715619735,103.779329353635",1.36188715619735,103.779329353635
Central Catchment Nature Reserve,recreation,"1.36718625955519,103.826556080482",1.36718625955519,103.826556080482
Central Catchment Nature Reserve,recreation,"1.37869995680421,103.824340416993",1.37869995680421,103.824340416993
Central Catchment Nature Reserve,recreation,"1.37745400726913,103.827637323589",1.37745400726913,103.827637323589
Central Catchment Nature Reserve,recreation,"1.37945040146884,103.822927101132",1.37945040146884,103.822927101132
Central Catchment Nature Reserve,recreation,"1.33960594085331,103.820200512937",1.33960594085331,103.820200512937
Central Catchment Nature Reserve,recreation,"1.39585546792351,103.774206257859",1.39585546792351,103.774206257859
Bukit Timah Nature Reserve,recreation,"1.35341859686952,103.770691662848",1.35341859686952,103.770691662848
Bukit Timah Nature Reserve,recreation,"1.35009822317466,103.772500565113",1.35009822317466,103.772500565113
Central Catchment Nature Reserve,recreation,"1.41624794118009,103.798151064543",1.41624794118009,103.798151064543
